name,website,sector
2K Polymer Systems,https://2kps.net,"Sealants, Adhesives & Waterproofing"
A & C Aggregates,https://acaggregates.biz,"Masonry, Concrete & Heavyside"
A Proctor Group,https://proctorgroup.com,Insulation & Fire Protection
A&B Glass,https://abglass.co.uk,"Windows, Doors & Curtain Walling"
A&H Kitchens,https://aandhKitchens.biz,Kitchens & Bathrooms
Aalberts Integrated Piping Systems,https://aalberts-ips.co.uk,HVAC & Building Services
aask us,https://aask.us,"Ceilings, Partitions & Interiors"
Abacus Agents,https://abacusagents.co.uk,"Windows, Doors & Curtain Walling"
Abacus Bathrooms,https://ukbathrooms.com,Kitchens & Bathrooms
About Roofing Supplies,https://aboutroofing.com,Merchants & Distribution
Absolute Waterproofing,https://absolutewaterproofing.co.uk/,Roofing & Rooflights
Accsys Technologies,https://accsysplc.com,"Masonry, Concrete & Heavyside"
ACO Building Drainage,https://aco.co.uk,HVAC & Building Services
Acorn Aluminium,https://acornaluminium.com,"Windows, Doors & Curtain Walling"
Acorn Timber Engineering,https://acorntimberengineering.co.uk/,Offsite & Modular
Acrol Modular Buildings,https://acrolmodular.co.uk,Offsite & Modular
ACS Facades,https://acsstainless.co.uk/,Cladding & Facades
ACS Steel Fixings,https://acsstainless.co.uk,Insulation & Fire Protection
Actiform,https://actiform.co.uk,Offsite & Modular
Actis Insulation,https://insulation-actis.com,Insulation & Fire Protection
Adanac Valves,https://adanac.co.uk,HVAC & Building Services
Adaptavate,https://adaptavate.com,Insulation & Fire Protection
ADEY,https://adey.com,HVAC & Building Services
ADM Systems,https://admsystems.co.uk,HVAC & Building Services
ADP Aluminium,https://autodoorprojects.co.uk,"Windows, Doors & Curtain Walling"
Advance Appliances,https://advanceappliances.co.uk,HVAC & Building Services
Advanced Cold Formed Sections,https://advancedcfs.co.uk,Building Envelope (other)
Advanced Furniture,https://adv-furniture.co.uk,"Ceilings, Partitions & Interiors"
Aermec Air Conditioning,https://aermec.co.uk,HVAC & Building Services
AG Paving and Building Products,https://ag.uk.com/,"Masonry, Concrete & Heavyside"
AGF,https://agf.uk.com,Cladding & Facades
Aggregate Industries,https://aggregate.com,"Masonry, Concrete & Heavyside"
Aico,https://aico.co.uk,Insulation & Fire Protection
AIM,https://aimlimited.co.uk,Insulation & Fire Protection
Air Tech Solutions,https://airtechsolutions.co.uk,HVAC & Building Services
Air Vent Technology,https://airventtechnology.co.uk/,HVAC & Building Services
Aire Valley Architectural Aluminium,https://aire-valley.com,"Windows, Doors & Curtain Walling"
Airedale,https://airedale.com,HVAC & Building Services
Airflow Developments,https://airflow.com,HVAC & Building Services
Airtech,https://airtech-uk.com/,HVAC & Building Services
AIS,https://aisataglance.co.uk,Merchants & Distribution
AKV Group,https://akvltd.com,Cladding & Facades
Al-Murad Tiles,https://al-murad.co.uk,Flooring & Tiles
Albion Stone,https://albionstone.com,"Masonry, Concrete & Heavyside"
Alchemy Architectural Aluminium Systems,https://aaasl.uk,"Windows, Doors & Curtain Walling"
Alco Glass Systems,https://alcoglass.co.uk,"Windows, Doors & Curtain Walling"
Alfiam Building Supplies,https://alfiambuildingsupplies.co.uk,Merchants & Distribution
Algecco UK,https://algeco.co.uk,Offsite & Modular
Aliaxis UK,https://aliaxis.co.uk,HVAC & Building Services
Aliva UK,https://alivauk.com,Insulation & Fire Protection
All About Bricks,https://aab.build,"Masonry, Concrete & Heavyside"
All About Modular,https://allaboutmodular.com,Offsite & Modular
All Brick & Stone,https://allbrickandstone.com,"Masonry, Concrete & Heavyside"
Allied Lighting,http://allied.co.uk/,Lighting
Alltimes coatings,https://alltimescoatings.co.uk,Roofing & Rooflights
Alpha Heating Innovation,https://alpha-innovation.co.uk,HVAC & Building Services
Alsford Timber,https://alsford.co.uk,Merchants & Distribution
Altaterra Kft,https://altaterra.eu/en_gb/,Roofing & Rooflights
AlterEgo Facades,https://alteregofacades.co.uk,Cladding & Facades
Altro,https://altro.com,Flooring & Tiles
Alubond by Globeclad,https://globeclad.com,Cladding & Facades
Alucraft UK & Ireland,https://alucraft.ie,"Windows, Doors & Curtain Walling"
AluFold Direct,https://alufolddirect.co.uk,"Windows, Doors & Curtain Walling"
AluK,https://uk.aluk.com,"Windows, Doors & Curtain Walling"
Alumasc Roofing Systems,https://alumascroofing.com,Roofing & Rooflights
Alumasc Water Management Systems,https://alumasc.co.uk,HVAC & Building Services
Alumet,https://alumet.co.uk,Cladding & Facades
ALUMINATE,https://www.aluminate.sg/,"Windows, Doors & Curtain Walling"
Aluminium Sashes,https://aluminiumsashes.co.uk,"Windows, Doors & Curtain Walling"
Aluplast UK,https://aluplast.co.uk,"Windows, Doors & Curtain Walling"
Aluprof,https://aluprof.eu,"Windows, Doors & Curtain Walling"
Alunet Systems,https://residencecollection.com,"Windows, Doors & Curtain Walling"
Amaroc,https://amaroc.co.uk,Merchants & Distribution
AMP,https://panasonic.com/uk,HVAC & Building Services
Amtico Flooring,https://amtico.com,Flooring & Tiles
Anglo Adhesives & Services,https://anglo-adhesives.co.uk,"Sealants, Adhesives & Waterproofing"
Ansell Lighting,https://anselluk.com,Lighting
APA Facade Systems,https://apafacadesystems.com,"Windows, Doors & Curtain Walling"
APiC UK,https://apicuk.ltd.uk,"Windows, Doors & Curtain Walling"
Apollo Chemicals,https://hbfuller.com/en,"Sealants, Adhesives & Waterproofing"
Apollo Lighting,https://apollolighting.co.uk,Lighting
Aqualisa Products,https://aqualisa.co.uk,Kitchens & Bathrooms
Aqualla,https://aquallabrassware.com,Kitchens & Bathrooms
Aquarian Cladding Systems,https://aquariancladding.co.uk,Cladding & Facades
Arbo Sealant Solutions,https://arbo.co.uk,"Sealants, Adhesives & Waterproofing"
ARC Building Solutions,https://arcbuildingsolutions.co.uk,Insulation & Fire Protection
Arcelor Mittal,https://arcelormittal.com,"Windows, Doors & Curtain Walling"
Architectural Aluminium and Glass,https://aaag.co.uk,"Windows, Doors & Curtain Walling"
Architectural Facades,https://architectural-facades.co.uk,Cladding & Facades
Architectural Metal Solutions,https://architecturalmetal.co.uk/,Cladding & Facades
Architectural Panel Solutions,https://architecturalpanelsolutions.com,Cladding & Facades
Arconic,https://arconic.com,Cladding & Facades
Arden Windows,https://arden-windows.co.uk,"Windows, Doors & Curtain Walling"
Ardex,https://ardex.co.uk,Flooring & Tiles
Ardmore Group,https://ardmoregroup.co.uk,"Masonry, Concrete & Heavyside"
Ariel Plastics,https://arielplastics.com,Roofing & Rooflights
Arkay Windows,https://arkaywindows.com,"Windows, Doors & Curtain Walling"
Armac Martin,https://armacmartin.co.uk,"Ceilings, Partitions & Interiors"
Armorduct Systems,https://armorduct.com,HVAC & Building Services
Armstrongs Office Furniture,https://armstrongsofficefurniture.co.uk,"Ceilings, Partitions & Interiors"
Arnold Laver and Co,https://laver.co.uk,Merchants & Distribution
Artorius Faber,https://artoriusfaber.com,Flooring & Tiles
ASD Lighting,https://asdlighting.com,Lighting
Ash & Lacy,https://ashandlacy.com,Roofing & Rooflights
Ashmore Glass And Mirrors,https://ashmoreglass.co.uk,"Windows, Doors & Curtain Walling"
Asiatic Carpets,https://asiatic.co.uk,Flooring & Tiles
Aspect Windows,https://aspect-windows.com,"Windows, Doors & Curtain Walling"
Assa Abloy Opening Solutions,https://assaabloy.com,Building Envelope (other)
Associated Lead Mills,https://associatedlead.co.uk/,Roofing & Rooflights
Associated Weavers,https://carpetyourlife.com,Flooring & Tiles
Aston Architectural Aluminium,https://astonaa.co.uk,"Windows, Doors & Curtain Walling"
Aston Matthews,https://astonmatthews.co.uk,Kitchens & Bathrooms
Astro Lighting,https://astrolighting.com,Lighting
ATAG Boilers,https://atagheating.co.uk,HVAC & Building Services
Atkinson & Kirby,https://akirby.co.uk,Flooring & Tiles
Atkore,https://atkore.com,HVAC & Building Services
Atlantic UK Architectural Hardware,https://atlantichandles.com,"Ceilings, Partitions & Interiors"
Aurora Lighting,https://auroralighting.com,Lighting
Aurora Partitioning,https://aurorapartitioning.com,"Ceilings, Partitions & Interiors"
Autex Acoustics UK & EU,https://autexacoustics.co.uk,"Ceilings, Partitions & Interiors"
Avanti Doors,https://avantidoors.co.uk/,"Windows, Doors & Curtain Walling"
AWS Turner Fain,https://awsturnerfain.co.uk/,"Windows, Doors & Curtain Walling"
Axminster Carpets,https://axminster-carpets.co.uk,Flooring & Tiles
Axter,https://axter.co.uk,Roofing & Rooflights
Ayrshire Metals,https://ayrshire.co.uk,Building Envelope (other)
Azpects,https://azpects.co.uk/,HVAC & Building Services
Bailey Total Building Envelope,https://bailey-uk.com,Roofing & Rooflights
BALINEUM,https://balineum.co.uk,Kitchens & Bathrooms
Barkell,https://barkell.co.uk,HVAC & Building Services
Barton Bespoke,https://bartonbespoke.co.uk,"Ceilings, Partitions & Interiors"
Bathroom Brands Group,https://bathroombrands.com,Kitchens & Bathrooms
Bathroom Centre Stirling,https://bathroomcentrestirling.co.uk,Kitchens & Bathrooms
Bathroom City,https://bathroomcity.co.uk,Kitchens & Bathrooms
Bauder,https://bauder.co.uk,Roofing & Rooflights
Baumit,https://baumit.com,Insulation & Fire Protection
Baxi Heating,https://baxiheating.co.uk,HVAC & Building Services
BB fiberbeton AS,https://bbfiberbeton.dk,Cladding & Facades
BBS Natural Stone,https://bbsnaturalstone.com,"Masonry, Concrete & Heavyside"
BC Ceramics,https://bcceramics.co.uk,Flooring & Tiles
BCM GRC,https://bcmgrc.com,Cladding & Facades
Beatsons Building Supplies,https://beatsons.co.uk,Merchants & Distribution
Beaufort,https://beaufortuk.com/,Building Envelope (other)
Beers Timber & Building Supplies,https://beersltd.co.uk,Merchants & Distribution
Beesley & Fildes,https://beesleyandfildes.co.uk,Merchants & Distribution
Belgrade Insulations,https://belgradeinsulations.com,Merchants & Distribution
BELL Lighting,https://belllighting.com,Lighting
Benchmarx Kitchens,https://benchmarxKitchens.co.uk,Kitchens & Bathrooms
Bennett Architectural Aluminium,https://baasl.co.uk,"Windows, Doors & Curtain Walling"
Benx Group,https://benx.co.uk,Insulation & Fire Protection
Bert & May,https://bertandmay.com,Flooring & Tiles
Better Kitchens,https://betterKitchens.co.uk,Kitchens & Bathrooms
Biddle Air Systems,https://biddle-air.co.uk,HVAC & Building Services
Birlea Furniture,https://birlea.com,"Ceilings, Partitions & Interiors"
Birtley Group,https://birtleygroup.co.uk,"Windows, Doors & Curtain Walling"
Black Moon Lighting,https://blackmoonlighting.com,Lighting
Blackdown Greenroofs,https://blackdown.co.uk,Roofing & Rooflights
Blackheath Products,https://blackheathproducts.co.uk,Kitchens & Bathrooms
Bloxbase,https://bloxbase.co.uk,Offsite & Modular
Bluebay Building Products,https://bluebaybp.co.uk,Merchants & Distribution
Blueprint Ceramics,https://blueprintceramics.com,Flooring & Tiles
Bluetsone Windows & Plastics,https://bluestonewindows.com,"Windows, Doors & Curtain Walling"
BMI Group,https://bmigroup.com,Roofing & Rooflights
Bond It,https://bond-it.co.uk,"Sealants, Adhesives & Waterproofing"
Booking Birch V,,"Ceilings, Partitions & Interiors"
Boon Edam,https://boonedam.com,Building Envelope (other)
BOSS Acoustics,https://bossacoustics.co.uk,"Ceilings, Partitions & Interiors"
Bostik,https://bostik.com,"Sealants, Adhesives & Waterproofing"
Boyden Tiles & Bathrooms,https://boydentiles.co.uk,Flooring & Tiles
Brachot,https://brachot.com,Kitchens & Bathrooms
Bradbury Group,https://bradbury-group.com,Building Envelope (other)
Bray International Inc,https://bray.com,HVAC & Building Services
Breakwells Glass,https://breakwellsglass.co.uk,"Windows, Doors & Curtain Walling"
Breedon Group,https://breedongroup.com,Roofing & Rooflights
Brett Landscaping,https://brettlandscaping.co.uk,Landscaping & External
Brett Martin Daylight Systems,https://brettmartin.com,Roofing & Rooflights
Brett Martin Plumbing & Drainage,https://brettmartinplumbinganddrainage.co.uk,HVAC & Building Services
BRICK SERVICES,https://brickservices.com,Merchants & Distribution
Brick Store,https://brickstore.org.uk,Merchants & Distribution
Brickability,https://brickabilitygroup.co.uk,Merchants & Distribution
Brickfab,https://brickfab.com,Merchants & Distribution
Bricklink,https://bricklink.co.uk,Merchants & Distribution
Brickmongers Wessex,https://brickmongerswessex.co.uk,Merchants & Distribution
Brickplus,https://brickplus.co.uk,Cladding & Facades
Brintons,https://brintons.net,Flooring & Tiles
Britannia Pine & Furniture,https://britanniapine.co.uk,"Ceilings, Partitions & Interiors"
Britcab,https://ukcabins.com,Offsite & Modular
British Ceramic Tile,https://britishceramictile.com,Flooring & Tiles
British Gypsum,https://british-gypsum.com,Insulation & Fire Protection
"British Gypsum, Celotex and Isover",https://saint-gobain.co.uk,Insulation & Fire Protection
British Lead,https://britishlead.co.uk,Roofing & Rooflights
British Steel,https://britishsteel.co.uk,"Masonry, Concrete & Heavyside"
Britmet,https://britmet.co.uk,Roofing & Rooflights
Brockway Carpets,https://linktr.ee,Flooring & Tiles
Brooks Forgings,https://brooksforgings.co.uk,"Masonry, Concrete & Heavyside"
BSW Timber Lit,https://bsw.co.uk,"Masonry, Concrete & Heavyside"
BTS Facades & Fabrications,https://btsfabrications.co.uk,Cladding & Facades
Builder Depot,https://builderdepot.co.uk,Merchants & Distribution
Building Adhesives,https://bal-adhesives.com,Flooring & Tiles
Building Product Design,https://buildingproductdesign.com,Roofing & Rooflights
BuildingMaterials.co.uk,https://buildingmaterials.co.uk,Merchants & Distribution
Buildscape,https://buildscape.net/,"Masonry, Concrete & Heavyside"
Built.,https://built.com.au/,"Ceilings, Partitions & Interiors"
Burbidge & Son,https://burbidge.co.uk,Kitchens & Bathrooms
Burdens,https://burdens.co.uk,Merchants & Distribution
Burlington Stone,https://burlingtonstone.co.uk,"Masonry, Concrete & Heavyside"
Burmatex,https://burmatex.co.uk,Flooring & Tiles
Burnhill Kitchens,https://burnhillKitchens.co.uk,Kitchens & Bathrooms
Burnley,https://burnleyroofing.co.uk/,"Ceilings, Partitions & Interiors"
Burton Roofing,https://burtonroofing.co.uk/,Merchants & Distribution
Bushbury cladding,https://bushburycladding.co.uk,Cladding & Facades
Buster & Punch,https://busterandpunch.com,Lighting
Bute Fabrics,https://butefabricsltd.com,Flooring & Tiles
Buteline UK,https://buteline.com,HVAC & Building Services
BW Industries,https://bw-industries.co.uk,Building Envelope (other)
C H Materials,https://kuhnodice.com/,Insulation & Fire Protection
C.P. Hart,https://cphart.co.uk,Kitchens & Bathrooms
CA Group,https://cagroup.co.uk,Roofing & Rooflights
Ca' Pietra,https://capietra.com,Flooring & Tiles
Caesarstone UK,https://caesarstone.co.uk,Kitchens & Bathrooms
Caice,https://caice.co.uk,HVAC & Building Services
Cambabest Merchants & Suppliers,https://cambabest.co.uk/,Merchants & Distribution
Camden Group,https://camdengroup.co.uk,"Windows, Doors & Curtain Walling"
Camira,https://camirafabrics.com,Flooring & Tiles
Camtech Building Products,https://camtechbp.co.uk,Cladding & Facades
Candela Light,https://candela.co.uk,Lighting
Cantifix,https://cantifix.co.uk,"Windows, Doors & Curtain Walling"
Caparol,https://www.caparol.co.uk/,Insulation & Fire Protection
Capital Coated Steel,https://capitalcs.com/,Roofing & Rooflights
Cardinal Steels,https://cardinalsteels.com,Roofing & Rooflights
Carea,https://carea-facade.co.uk,Cladding & Facades
Carlisle Brass,https://carlislebrass.com,"Ceilings, Partitions & Interiors"
Carlisle Construction Materials,https://ccm-europe.com,Roofing & Rooflights
Carman Plastics,https://caromanltd.co.uk,Merchants & Distribution
Carron Bathrooms,https://carronbathrooms.com,Kitchens & Bathrooms
Carvers Building Supplies,https://carvers.co.uk,Merchants & Distribution
Cassina,https://cassina.com,"Ceilings, Partitions & Interiors"
Castacrete,https://castacrete.co.uk,"Masonry, Concrete & Heavyside"
Castan Cabins,https://castancabins.com,Offsite & Modular
Catnic,https://catnic.com,Roofing & Rooflights
Cavalier Carpets,https://cavaliercarpets.co.uk,Flooring & Tiles
CB2,https://cb2.com,"Ceilings, Partitions & Interiors"
CCF,https://ccfltd.co.uk,Merchants & Distribution
CCP Building Products,https://ccp.ltd/,"Masonry, Concrete & Heavyside"
CED Stone,https://cedstone.co.uk,Landscaping & External
Cedral,https://cedral.world,Cladding & Facades
Cellecta,https://cellecta.co.uk,Insulation & Fire Protection
Celstone,https://celstone.com,Roofing & Rooflights
CEMA Lighting,https://cemalighting.co.uk,Lighting
Cementaid UK & Europe,https://cementaid.com,"Masonry, Concrete & Heavyside"
CEMEX,https://www.cemex.com,"Masonry, Concrete & Heavyside"
Centaur,https://centaurroofing.co.uk,Roofing & Rooflights
Central Furniture Manufacturing,https://centralfurnituremfg.co.uk,"Ceilings, Partitions & Interiors"
Ceramica Impex,https://ceramicaimpex.co.uk,Flooring & Tiles
CFUK Contract Furniture,https://cfukltd.com,"Ceilings, Partitions & Interiors"
CGL Facades,https://cglfacades.com,Cladding & Facades
Chad Lighting,https://chadlighting.com,Lighting
Chandlers Building Supplies,https://chandlersbs.co.uk,Merchants & Distribution
Chelsom Lighting,https://chelsom.co.uk,Lighting
Chemique Adhesives and Sealants,https://chemiqueadhesives.com,"Sealants, Adhesives & Waterproofing"
Cherwell Windows,https://cherwellwindows.co.uk,"Windows, Doors & Curtain Walling"
Chesterfelt Group,https://chesterfelt.co.uk,Roofing & Rooflights
Chrystal & Hill,https://chrystal-hill.co.uk,"Ceilings, Partitions & Interiors"
Cistermiser,https://cistermiser.co.uk,HVAC & Building Services
City Electrical Factors,https://cef.co.uk/,Merchants & Distribution
Civils & Lintels,https://civilsandlintels.co.uk/,Merchants & Distribution
Civils Store,https://civilsstore.co.uk,Merchants & Distribution
Cladco Profiles,https://cladco.co.uk,Roofing & Rooflights
CladUp Design,https://cladupdesign.co.uk,Cladding & Facades
Classic Interiors,https://classicinteriors.co.uk,Kitchens & Bathrooms
Clay & Slate Roofing Products,https://clayandslateroofingproducts.co.uk,Roofing & Rooflights
Claybrook Studios,https://claybrookstudio.co.uk,Flooring & Tiles
Claygate Distribution,https://claygate.co.uk,Kitchens & Bathrooms
Clayton Glass,https://claytonglass.co.uk,"Ceilings, Partitions & Interiors"
Cleveland Containers,https://clevelandcontainers.co.uk,Offsite & Modular
CMS Danskin Acoustics,https://cmsdanskin.co.uk,"Ceilings, Partitions & Interiors"
Coco Lighting,,Lighting
Colebrook Bosson Saunders,https://colebrookbossonsaunders.com,"Ceilings, Partitions & Interiors"
Colinwell Masonry,https://colinwell.com,"Masonry, Concrete & Heavyside"
Collier & Catchpole Builders Merchant,https://colliercatchpole.co.uk,Merchants & Distribution
Collingwood Lighting,https://collingwoodlighting.com,Lighting
Colorcoat,https://tatasteeluk.com/,Cladding & Facades
Colt International,https://coltinfo.co.uk,Building Envelope (other)
Comar Aluminium Systems,https://comar-alu.co.uk,"Windows, Doors & Curtain Walling"
Comfy,https://comfyuk.co.uk,"Ceilings, Partitions & Interiors"
Commercial Washrooms,https://commercialwashroomsltd.co.uk,"Ceilings, Partitions & Interiors"
Compleat Office Solutions,https://compleatofficesolutions.co.uk,"Ceilings, Partitions & Interiors"
Complete Roofing Systems,https://completeroofingsystems.co.uk/,Roofing & Rooflights
Concept Cubicle Systems,https://conceptcubiclesystems.co.uk,"Ceilings, Partitions & Interiors"
Conex Banninger,https://conexbanninger.com,HVAC & Building Services
Consilium CXXI,https://consiliumcxxi.co.uk,Cladding & Facades
Consort Architectural Hardware,https://consortme.com,"Ceilings, Partitions & Interiors"
Consort Claudgen,https://consortepl.com,HVAC & Building Services
Construction Fixing Systems,https://cfsfixings.com,"Masonry, Concrete & Heavyside"
Construction Specialties,https://c-sgroup.co.uk,Building Envelope (other)
Contour Heating Products,https://contourheating.co.uk,HVAC & Building Services
Contrasol,https://contrasol.com,Building Envelope (other)
Coppersmith Creations,https://coppersmithcreations.co.uk/?v=f7d35f421025,Kitchens & Bathrooms
Coram Showers,https://coram.co.uk,Kitchens & Bathrooms
CORE Landscape Products,https://corelp.co.uk/,Lighting
Cormar Carpet Company,https://cormarcarpets.co.uk,Flooring & Tiles
Cosentino,https://cosentino.com,Cladding & Facades
Cotswold Natural Stone,https://cotswoldnaturalstone.co.uk,"Masonry, Concrete & Heavyside"
Cotswold Trade Aluminium,https://cotswoldtradealuminium.co.uk,"Windows, Doors & Curtain Walling"
Cotswolds Windows,https://cotswoldwindows.co.uk,"Windows, Doors & Curtain Walling"
Covers Timber and Builders Merchant,https://coversmerchants.co.uk,Merchants & Distribution
Coverworld,https://coverworld.co.uk,Roofing & Rooflights
Coxdome,https://coxdome.co.uk,Roofing & Rooflights
Craven Dunnill Jackfield,https://cdjackfield.com,Flooring & Tiles
Crendon Timber Engineering,https://crendon.co.uk/,Offsite & Modular
Crest Brick Slate & Tile,https://crest-bst.co.uk,Roofing & Rooflights
Crittall Windows,https://crittall-windows.co.uk,"Windows, Doors & Curtain Walling"
Cromar Building Products,https://cromarbuildingproducts.com,Roofing & Rooflights
Crosswater,https://crosswater.co.uk,Kitchens & Bathrooms
Crown Paints,https://crownpaints.co.uk,"Ceilings, Partitions & Interiors"
Croydex,https://croydex.co.uk,Flooring & Tiles
CRS Building Supplies,https://crsbuildingsupplies.co.uk,Merchants & Distribution
Crystal Windows & Doors,https://crystalwindows.co.uk,"Windows, Doors & Curtain Walling"
CSS Facades,https://cssfacades.co.uk/,Cladding & Facades
CTD,https://ctdtiles.co.uk,Flooring & Tiles
CTF Insulation,https://ctfinsulation.co.uk,Insulation & Fire Protection
Cubic Facades,https://cubicfacades.com,Cladding & Facades
Cupa Pizarras,https://cupapizarras.com,Roofing & Rooflights
Curtis Furniture,https://curtisfurniture.co.uk,"Ceilings, Partitions & Interiors"
Cygnum Building Offsite,https://cygnum.ie,Offsite & Modular
D Facades,https://dfacades.co.uk,Cladding & Facades
D McNair (Builders Merchant),https://mcnairs.co.uk,Merchants & Distribution
Daikin,https://daikinapplied.uk,HVAC & Building Services
Dakea,https://dakea.co.uk,"Windows, Doors & Curtain Walling"
Dales Fabrications,https://dales-eaves.co.uk,Cladding & Facades
Dane Architectural Systems,https://www.cagroup.co.uk/,"Windows, Doors & Curtain Walling"
DANIC LIGHTING,https://daniclighting.com/,Lighting
Danosa,https://danosa.com,Roofing & Rooflights
Dansani,https://dansani.co.uk,Kitchens & Bathrooms
Dantherm Group,https://danthermgroup.com,HVAC & Building Services
DAR LIGHTING,https://www.darlighting.co.uk/,Lighting
Darwin Group,https://darwingroup.co.uk,Offsite & Modular
Daval Furniture,https://daval-furniture.co.uk,Kitchens & Bathrooms
DDecks,https://ddecks.co.uk,Building Envelope (other)
Dearnside Fabrications,https://dearnesidefabs.co.uk,Cladding & Facades
Deceuninck,https://deceuninck.co.uk,"Windows, Doors & Curtain Walling"
Decorative Panels Holdings,https://decorativepanels.co.uk,"Ceilings, Partitions & Interiors"
Decorum Tiles,https://decorumtiles.co.uk,Flooring & Tiles
Dekko Window Systems,https://dekkowindows.com,"Windows, Doors & Curtain Walling"
Delta Light,https://deltalight.co.uk,Lighting
DELTA Membrane Systems,https://deltamembranes.co.uk,Roofing & Rooflights
Derby Kitchen Manufacturers,https://dkmlimited.co.uk,Kitchens & Bathrooms
Designplan Lighting,https://designplan.co.uk,Lighting
Designworks Tiles,https://designworkstiles.com,Flooring & Tiles
Deuco Bathroom Furniture,https://deuco.co.uk,Kitchens & Bathrooms
Dextra Group,https://dextragroup.co.uk,Lighting
Digby Stone,https://digbystone.co.uk,Landscaping & External
Direct Rooflights,https://directrooflights.co.uk,Roofing & Rooflights
Distinction Doors,https://distinctiondoors.co.uk,"Windows, Doors & Curtain Walling"
DMS Flooring Supplies,https://dmsflooringsupplies.co.uk,Merchants & Distribution
DNC - Roof Maker,https://roof-maker.co.uk,Roofing & Rooflights
Domus Facades,https://domusfacades.com,Cladding & Facades
Domus Group,https://domusgroup.com,Flooring & Tiles
Domus Ventilation,https://domusventilation.co.uk,HVAC & Building Services
Don Construction Products,https://dcp-int.com/uk/en,Roofing & Rooflights
Donaldson Timber Systems,https://donaldsontimbersystems.com,Offsite & Modular
DOORCO,https://door-co.com,"Windows, Doors & Curtain Walling"
Doorfit Products,https://doorfit.co.uk,"Windows, Doors & Curtain Walling"
Doorsmart,https://doorsmart.co.uk,"Windows, Doors & Curtain Walling"
Dormakaba,https://dormakaba.co.uk,"Windows, Doors & Curtain Walling"
Dornbracht,https://dornbracht.com,Kitchens & Bathrooms
Dorsey Construction Materials,https://dorseyconstructionmaterials.com,Insulation & Fire Protection
DOVISTA,https://dovista.co.uk,"Windows, Doors & Curtain Walling"
Dreadnought tiles,https://dreadnought-tiles.co.uk/,Roofing & Rooflights
Dreadnought Tiles & Ketley Brick,https://dreadnought-tiles.co.uk,Roofing & Rooflights
Drummonds,https://drummonds-uk.com,Kitchens & Bathrooms
Drywall Steel Sections,https://drywallsteelsections.co.uk,Building Envelope (other)
Duco Ventilation & Sun Control,https://duco.eu,Building Envelope (other)
Dudley's Aluminium,https://dudleys.uk.com,"Windows, Doors & Curtain Walling"
Duke Furniture,https://dukefurniture.co.uk,"Ceilings, Partitions & Interiors"
Dunhams Washroom Systems,https://dunhamswashrooms.com,Kitchens & Bathrooms
Dunraven Manufacturing,https://dunravenwindows.com/,"Windows, Doors & Curtain Walling"
Dunscar Timber Engineering,https://dunscartimber.co.uk,Offsite & Modular
Duplus Architectural Systems,https://duplus.co.uk,Roofing & Rooflights
Duraflor,https://duraflor.com,Flooring & Tiles
Duravit,https://duravit.co.uk,Kitchens & Bathrooms
Eastbrook Company,https://eastbrooktrade.com,Kitchens & Bathrooms
Easy Bathrooms,https://easybathrooms.com,Flooring & Tiles
Easy-Trim Roofing & Construction Products,https://easy-trim.co.uk,Roofing & Rooflights
EBP BUILDING PRODUCTS,https://ebpuk.com,Roofing & Rooflights
Eckersley O'Callaghan,https://eocengineers.com/,"Windows, Doors & Curtain Walling"
Eco Modular Buildings,https://ecobuildings.uk/,Offsite & Modular
Ecodek,https://ecodek.co.uk,Building Envelope (other)
Ecoglass,https://ecoglass.co.uk,"Windows, Doors & Curtain Walling"
Ecophon,ecophon.com/uk,"Ceilings, Partitions & Interiors"
Ecoscape UK,https://ecoscape.co.uk,Building Envelope (other)
Ecotherm Insulation,https://ecotherm.co.uk,Insulation & Fire Protection
Ecotile Flooring,https://ecotileflooring.com,Flooring & Tiles
Ecotronic Uk,https://ecotronic.co.uk,Lighting
EDM Spanwall,https://spanwall.com,Cladding & Facades
Edmundson Electrical,edmundson-electrical.co.uk,Merchants & Distribution
Egan Reid Group,https://eganreid.co.uk,"Ceilings, Partitions & Interiors"
Ege Carpets UK,https://egecarpets.com,Flooring & Tiles
Egger,https://egger.com,Flooring & Tiles
EH Smith,https://ehsmith.co.uk,Merchants & Distribution
EH Smith Facades,https://ehsmithfacades.co.uk,Cladding & Facades
EJOT UK,https://ejot.co.uk,Fixings & Framing
ELD Lighting,https://eldlighting.co.uk,Lighting
Elite Fasteners,https://elitefasteners.co.uk,Fixings & Framing
Elliott Containers,https://elliottltd.co.uk,Offsite & Modular
Elliotts Builders Merchant,https://elliotts.uk,Merchants & Distribution
Elta Fans,https://eltafans.com,HVAC & Building Services
Eltherington Architectural,https://eltheringtonarchitectural.co.uk,Cladding & Facades
Emergency Lighting Products,https://elp.uk.com,Lighting
Emplas,https://emplas.co.uk,"Windows, Doors & Curtain Walling"
Encon & Nevill Long,https://encon.co.uk/,Merchants & Distribution
Encon Insulation,https://encon.co.uk,Merchants & Distribution
Endurance Doors,https://endurancedoors.co.uk,"Windows, Doors & Curtain Walling"
English Architectural Glazing,https://eag.uk.com,"Windows, Doors & Curtain Walling"
EnviroVent,https://envirovent.com,HVAC & Building Services
Eomac,https://eomac.com,"Ceilings, Partitions & Interiors"
EOS Framing,https://etexgroup.com,Building Envelope (other)
EOS Rooflights,https://eosrooflights.co.uk,Roofing & Rooflights
Epd Insulation Group,https://epdinsulationgroup.co.uk,Merchants & Distribution
EPMS Supplies,https://epms-supplies.co.uk,Merchants & Distribution
Epwin Group,https://epwin.co.uk,Merchants & Distribution
Epwin Window Systems,https://epwinwindowsystems.co.uk,"Windows, Doors & Curtain Walling"
Ergonomic Designs,https://ergonomicdesigns.co.uk,Kitchens & Bathrooms
ESP UK,https://espuk.com,HVAC & Building Services
ET Clay Products,https://etbricks.co.uk,"Masonry, Concrete & Heavyside"
Etag,https://www.etagfixings.co.uk/,Merchants & Distribution
Eterna Lighting,https://eterna-lighting.co.uk,Lighting
Etex,https://etexgroup.com/en-gb/,Insulation & Fire Protection
Eurobond,https://eurobond.co.uk,Roofing & Rooflights
Eurobond Doors,https://ebdsteeldoors.com/,Building Envelope (other)
Eurobrick Systems,https://eurobrick.co.uk,Cladding & Facades
Eurocell,https://eurocell.co.uk,Merchants & Distribution
Euroclad Group,https://euroclad.com,Roofing & Rooflights
Eurofast Group,https://eurofastgroup.eu,Fixings & Framing
Euroform Products,https://euroform.co.uk,Building Envelope (other)
EUROPLAS PVCU,https://europlaspvcu.co.uk,Merchants & Distribution
Everbrite Windows,https://everbrite.co.uk,"Windows, Doors & Curtain Walling"
Everglade Windows,https://everglade.co.uk,"Windows, Doors & Curtain Walling"
Evolution Fasteners,https://evolutionfasteners.co.uk,Fixings & Framing
Evolution Glass,https://evolutionglass.co.uk,"Ceilings, Partitions & Interiors"
Evoqua Water Technologies,https://evoqua.com,HVAC & Building Services
EWI Pro Insulation Systems,https://ewipro.com,Insulation & Fire Protection
Excel Modular Buildings,https://excelmodular.co.uk,Offsite & Modular
Eximia Glazing,https://eximiaglazing.co.uk,"Windows, Doors & Curtain Walling"
Expamet Buildings Products,https://expamet.co.uk,"Masonry, Concrete & Heavyside"
Express Bi-folding Doors,https://expressbifolds.co.uk/,"Windows, Doors & Curtain Walling"
F. Ball and Co,https://f-ball.com,Flooring & Tiles
F30 Products,https://f30buildingproducts.co.uk/,Insulation & Fire Protection
FAAC Entrance Solutions,https://faacentrancesolutions.co.uk,Building Envelope (other)
Fairalls,https://fairalls.uk,Merchants & Distribution
Fakro,https://fakro.co.uk,Roofing & Rooflights
Farrow & Ball,https://farrow-ball.com,"Ceilings, Partitions & Interiors"
Fassa Bortolo,https://fassabortolo.co.uk,Insulation & Fire Protection
Fastclad,https://advancedconstructionsystems.co.uk/,Cladding & Facades
Fastframe UK,https://fastframeuk.co.uk,"Windows, Doors & Curtain Walling"
Fatra UK,https://fatra.co.uk,Roofing & Rooflights
Fenea,https://fenea.co.uk/,"Windows, Doors & Curtain Walling"
Fentrade Aluminium Building Products,https://fentradealuminium.co.uk,"Windows, Doors & Curtain Walling"
Fern Howard,https://fernhoward.co.uk,Lighting
Fernox,https://fernox.com,HVAC & Building Services
Ferroli UK,https://ferroli.com,HVAC & Building Services
Festa System UK,https://festa-system.co.uk,"Windows, Doors & Curtain Walling"
FGF,https://fgflimited.co.uk,Merchants & Distribution
Fieger,https://fieger-lamellenfenster.de,Building Envelope (other)
Filon Products,https://filon.co.uk,Roofing & Rooflights
Fineline Aluminium,https://finelinealuminium.co.uk,"Windows, Doors & Curtain Walling"
Finish Facades,https://finishfacades.co.uk,Cladding & Facades
Finsahome,https://finsahome.co.uk,Kitchens & Bathrooms
Firebird Heating,https://firebird.ie,HVAC & Building Services
Fired Earth,https://firedearth.com,Flooring & Tiles
Firefly,https://tbafirefly.com/,Insulation & Fire Protection
Firth Steels,https://firthsteels.co.uk,Roofing & Rooflights
Fischer Fixings,https://fischer.co.uk,Insulation & Fire Protection
Fixfast,https://fixfast.com,Fixings & Framing
Fixing Point,https://fixingpoint.com,Fixings & Framing
Flair Showers,https://flairshowers.com,Kitchens & Bathrooms
Flair Windows,https://flairwindows.com/,"Windows, Doors & Curtain Walling"
Flamco,https://flamcogroup.com,HVAC & Building Services
Fleetwood Architectural Aluminium,https://faa-group.co.uk,"Windows, Doors & Curtain Walling"
Fleming Buildings,https://flemingbuild.com/,Fixings & Framing
Flex 7,https://flex7.co.uk,Lighting
Flex-R,https://flex-r.co.uk,Roofing & Rooflights
Flexiform,https://flexiform.co.uk,"Ceilings, Partitions & Interiors"
Flexiheat UK,https://flexiheatuk.com,HVAC & Building Services
Flexseal,https://flexseal.co.uk,HVAC & Building Services
Float Glass,https://guardianglass.com,"Windows, Doors & Curtain Walling"
Flooring Concepts,https://bolon.com,Flooring & Tiles
Flooring Supplies Wessex,https://flooringsupplieswessex.co.uk,Flooring & Tiles
FloPlast,https://floplast.co.uk,HVAC & Building Services
Fludes Carpets,https://fludes-carpets.co.uk,Flooring & Tiles
FoamTech,https://foam-tech.co.uk,Insulation & Fire Protection
Forbo Flooring Systems,https://forbo.com,Flooring & Tiles
Foregale,https://foregale.co.uk,Roofing & Rooflights
ForgeFix,https://galleonfixings.com/,Fixings & Framing
Format Steel Buildings,https://formatsteelbuildings.co.uk,Offsite & Modular
Formation Lighting,https://formationlighting.com,Lighting
Formula Bathrooms,https://formulabathrooms.co.uk,Kitchens & Bathrooms
Formwise Washrooms,https://formwise-washrooms.co.uk,Kitchens & Bathrooms
Forterra,https://forterra.co.uk,Cladding & Facades
Forum Lighting Solutions,https://forumlightingsolutions.com,Lighting
Fosroc,https://fosroc.com,Roofing & Rooflights
Fountain Timber Products,https://fountaintimber.co.uk,Merchants & Distribution
FP McCann,https://fpmccann.co.uk,Roofing & Rooflights
Frame Fast UK,https://framefastuk.com,"Windows, Doors & Curtain Walling"
Frameclad,https://frameclad.com,Offsite & Modular
Frank Allart & Company,https://frankallart.com,"Ceilings, Partitions & Interiors"
Frazer Simpson,https://frazersimpson.co.uk,"Ceilings, Partitions & Interiors"
Frelan Hardware,https://frelanhardware.co.uk,"Ceilings, Partitions & Interiors"
Frese,https://frese.eu,HVAC & Building Services
Fritz Hansen,https://fritzhansen.com,"Ceilings, Partitions & Interiors"
Frontline Bathrooms,https://frontlinebathrooms.co.uk,Kitchens & Bathrooms
FSN DOORS,https://fsndoors.co.uk,"Windows, Doors & Curtain Walling"
Furlong Flooring,https://furlongflooring.com,Merchants & Distribution
Furnotel,https://furnotel.co.uk,"Ceilings, Partitions & Interiors"
Fusion Facades,https://fusionfacades.co.uk,Cladding & Facades
Fusion Luminaires,https://fusion-luminaires.co.uk,Lighting
Fusion Partitions,https://fusionpartitions.com,"Ceilings, Partitions & Interiors"
Fusion Steel Framing,https://fusionsteelframing.co.uk/,Building Envelope (other)
Future Products,https://futureproductsltd.com/,"Masonry, Concrete & Heavyside"
G & B,https://gandbnw.co.uk,Roofing & Rooflights
G M Treble,https://trebles.co.uk,HVAC & Building Services
G&T Aluminium,https://gandtaluminium.co.uk,"Windows, Doors & Curtain Walling"
Gabitie Structures,https://gabitiestructures.com,Roofing & Rooflights
Galaxy Insulation,https://galaxyinsulation.co.uk,Insulation & Fire Protection
GAP,https://gap.uk.com/,Merchants & Distribution
Garnalex,https://garnalex.com,"Windows, Doors & Curtain Walling"
GB Architectural Cladding Products,https://grc-gbgroup.co.uk,Cladding & Facades
GCP Applied Technologies,https://gcpat.com,Roofing & Rooflights
GE Door Manufacturing,https://gedoormanufacturing.co.uk,Merchants & Distribution
Geberit,https://geberit.com,HVAC & Building Services
GENERIX FACADES,https://generixfacades.com,Cladding & Facades
Genius Facades,https://geniusfacades.com,Cladding & Facades
Genuit Group,https://genuitgroup.com,HVAC & Building Services
Georg Fischer,https://georgfischer.com,HVAC & Building Services
Gerflor,https://gerflor.co.uk,Flooring & Tiles
Getley,https://getleyuk.co.uk,Kitchens & Bathrooms
Geze UK,https://geze.co.uk,"Windows, Doors & Curtain Walling"
GG Glass & Glazing,https://ggglass.co.uk,"Windows, Doors & Curtain Walling"
Gibbs & Dandy Group,https://jewson.co.uk,Merchants & Distribution
Gilcrest,https://gilcrestmanufacturing.com,Cladding & Facades
Glamox Luxonic,https://glamox.com,Lighting
Glazing Vision,https://glazingvision.co.uk,Roofing & Rooflights
Gledhill,https://gledhill.net,HVAC & Building Services
Glen Dimplex Heating & Ventilating,https://gdhv.com,HVAC & Building Services
Glidevale Protect,https://glidevaleprotect.com/,"Sealants, Adhesives & Waterproofing"
Global Stone Paving,https://globalstonepaving.co.uk,Landscaping & External
GO Interiors,https://gointeriors.co.uk,Merchants & Distribution
Gordian Building Solutions,https://gordianbuildingsolutions.com,Insulation & Fire Protection
Gower Furniture,https://gower-furniture.co.uk,"Ceilings, Partitions & Interiors"
GPH Builders Merchant,https://gph.uk.com,Merchants & Distribution
Gradient Flat Roofing,https://gradientuk.com,Insulation & Fire Protection
Gradus,https://gradus.com,Flooring & Tiles
Granada Glazing,https://gsecg.com/,"Windows, Doors & Curtain Walling"
Grant & Stone,https://grantandstone.co.uk,Merchants & Distribution
Grant Engineering UK,https://grantuk.com,HVAC & Building Services
Grayson,https://grayson.co.uk,Insulation & Fire Protection
Great British Lighting,https://greatbritishlighting.co.uk,Lighting
Greenscape Energy,greenscapeenergy.co.uk,Other / General
Gresham Office Furniture,https://gof.co.uk,"Ceilings, Partitions & Interiors"
Grespania,https://grespania.com,Flooring & Tiles
Grid Line Ceilings and Partitions,https://gridlineceilingsandpartitions.co.uk,Merchants & Distribution
Gripple UK & Ireland,https://gripple.com,Building Envelope (other)
GROHE,https://grohe-x.com,Kitchens & Bathrooms
Guardian Industries UK,https://guardian.com,"Windows, Doors & Curtain Walling"
GUBI,https://gubi.com,"Ceilings, Partitions & Interiors"
Gunnebo,https://gunnebo.com,HVAC & Building Services
H & B Buying Group,https://handbgroup.com,Merchants & Distribution
H C Building Supplies,https://hcbuildingsupplies.co.uk,Merchants & Distribution
H&E Smith,https://hesmith.co.uk,Flooring & Tiles
H+H UK,https://hhcelcon.co.uk,"Masonry, Concrete & Heavyside"
Hacel Lighting,https://hacel.co.uk,Lighting
Hadley Group,https://hadleygroup.com,Building Envelope (other)
Hadrian Architectural Glazing Systems,https://hadrianarchitectural.com,"Windows, Doors & Curtain Walling"
Hambleside Danelaw,https://hambleside-danelaw.co.uk,Roofing & Rooflights
Hammonds,https://hammonds-uk.com,"Ceilings, Partitions & Interiors"
Hamworthy Heating,https://hamworthy-heating.com,HVAC & Building Services
Hansgrohe Group,https://hansgrohe-group.com,Kitchens & Bathrooms
Hanson UK,https://hanson.co.uk,"Masonry, Concrete & Heavyside"
Hardscape,https://hardscape.co.uk,Landscaping & External
Harlow Timber Systems,https://harlowts.co.uk,Offsite & Modular
Harrison & Clough,https://harclob2b.com/,Fixings & Framing
Harrison Bathrooms,https://harrisonbathrooms.com,Kitchens & Bathrooms
Hatt Kitchens,https://hatt.co.uk,Kitchens & Bathrooms
Havwoods,https://havwoods.com,Flooring & Tiles
Hawk Furniture,https://hawkfurniture.co.uk,"Ceilings, Partitions & Interiors"
Haworth,https://haworth.com,"Ceilings, Partitions & Interiors"
Hazlemere Commercial,https://hazlemerecommercial.co.uk,"Windows, Doors & Curtain Walling"
Hazlemere Windows,https://hazlemerewindows.co.uk,"Windows, Doors & Curtain Walling"
HDM Solar,https://hdmsolar.co.uk,Other / General
Headlam Group,https://headlam.com,Flooring & Tiles
Heat Exchange Group,https://heatexchangegroup.co.uk,HVAC & Building Services
Heatrae Sadia,https://heatraesadia.com,HVAC & Building Services
Hemsec,https://hemsec.com,Building Envelope (other)
Henco,https://henco.be,HVAC & Building Services
Herbert Direct,https://herbertdirect.co.uk,Kitchens & Bathrooms
Hevey Building Supplies,https://hevey.co.uk,Merchants & Distribution
Heywood Timber,https://heywoodtimber.co.uk,"Masonry, Concrete & Heavyside"
HIB,https://hib.co.uk,Kitchens & Bathrooms
Highbourne Group,https://highbournegroup.co.uk,Merchants & Distribution
Hilti,https://hilti.co.uk,HVAC & Building Services
HMG Paints,https://hmgpaint.com,"Ceilings, Partitions & Interiors"
Hodgson Sealants Group,https://hodgsonsealants.com,"Sealants, Adhesives & Waterproofing"
Holcim UK,https://holcim.co.uk,"Masonry, Concrete & Heavyside"
Holland & Holland Design and Engineering Consultancy,https://hollandsconsultancy.com/,Cladding & Facades
Holly Hunt,https://hollyhunt.com,Flooring & Tiles
Holophane,https://holophane.co.uk,Lighting
Hornsey Steel Panels,https://hspas.co.uk,Roofing & Rooflights
Horton Automatics,https://hortonautomatics.co.uk,Building Envelope (other)
Hoval,https://hoval.co.uk,HVAC & Building Services
Howarth Timber & Building Supplies,https://howarth-timber.co.uk,Merchants & Distribution
Humanscale,https://humanscale.com,"Ceilings, Partitions & Interiors"
Hunter Douglas,https://hunterdouglas.com,Building Envelope (other)
Hurst Doors,https://hurstdoors.co.uk,"Windows, Doors & Curtain Walling"
Hush Acoustics,https://hushacoustics.co.uk,"Ceilings, Partitions & Interiors"
Husht Acoustics,https://hushtacoustics.co.uk,"Ceilings, Partitions & Interiors"
Hutton Stone Co,https://huttonstone.co.uk,"Masonry, Concrete & Heavyside"
Huws Gray,https://huwsgray.co.uk,Merchants & Distribution
Hyflex Roofing,https://hyflex.co.uk,Roofing & Rooflights
Hyline Windows,https://hyline-bs.uk,"Windows, Doors & Curtain Walling"
IBL Lighting,https://ibl.co.uk,Lighting
Ibstock,https://ibstock.co.uk,Cladding & Facades
Iceni Windows,https://iceniwindows.co.uk,"Windows, Doors & Curtain Walling"
icotek,https://icotek.com,HVAC & Building Services
ID Sofas,https://idsofasltd.co.uk,"Ceilings, Partitions & Interiors"
Ideal Bathrooms,https://idealbathrooms.com,Kitchens & Bathrooms
Ideal Building Systems,https://idealbuildingsystems.co.uk,Offsite & Modular
Ideal Heating,https://idealheating.com,HVAC & Building Services
Ideal Standard,https://idealstandard.co.uk,Kitchens & Bathrooms
Idealcombi UK,https://idealcombi.com,"Windows, Doors & Curtain Walling"
IG Doors,https://igdoors.co.uk,"Windows, Doors & Curtain Walling"
GRP Aspects,https://grpaspects.co.uk/,"Masonry, Concrete & Heavyside"
IG Lintels,https://iglintels.com,"Masonry, Concrete & Heavyside"
IG Masonry Support,https://igmasonrysupport.com,"Masonry, Concrete & Heavyside"
Igloos,https://igloos.co.uk,Kitchens & Bathrooms
Iisolcore,https://isolcore.uk,Insulation & Fire Protection
IKO,https://ikogroup.co.uk,Insulation & Fire Protection
ILIV,https://iliv.co.uk,Flooring & Tiles
Imperial Bricks,https://imperialhandmadebricks.co.uk,"Masonry, Concrete & Heavyside"
Impervia,https://impervia.co.uk,Flooring & Tiles
IMS Insulation,https://ims-insulation.co.uk,Merchants & Distribution
Incendin,https://www.incendin.com/,Insulation & Fire Protection
Independent Builders Merchant Group,https://independentbm.com,Merchants & Distribution
Independent Paint Supplies,https://ipspaint.co.uk,"Ceilings, Partitions & Interiors"
Indestructible Paint,https://indestructible.co.uk,"Ceilings, Partitions & Interiors"
Innova,https://innovacareconcepts.com,"Ceilings, Partitions & Interiors"
Innovare Offsite,https://innovareoffsite.co.uk,Offsite & Modular
Instagroup,https://instagroup.co.uk,Other / General
Instarmac,https://instarmac.co.uk/,"Masonry, Concrete & Heavyside"
Integra Buildings,https://integrabuildings.co.uk,Offsite & Modular
Integral LED,https://integralled.com,Lighting
Integral Memory,https://integral-led.com,Lighting
Integrated Doorset Solutions,https://integrateddoorsets.com,"Windows, Doors & Curtain Walling"
Intelligent Steel Solutions,https://intelligentsteel.com,Building Envelope (other)
Interface,https://interface.com/GB/en-GB.html,Flooring & Tiles
Interfloor,https://interfloor.com,Flooring & Tiles
Intergas Heating,https://intergasheating.co.uk,HVAC & Building Services
IQ Glass,https://iqglassuk.com,"Windows, Doors & Curtain Walling"
Iso Chemie,https://iso-chemie.eu,"Sealants, Adhesives & Waterproofing"
Isothane,https://isothane.com/,"Sealants, Adhesives & Waterproofing"
J T Dove,https://jtdove.co.uk,Merchants & Distribution
Jablite,https://jablite.co.uk,Insulation & Fire Protection
Jack Aluminium Systems,https://jackaluminium.co.uk/,"Windows, Doors & Curtain Walling"
JackEvie Collections,https://jackeviecollections.com,Flooring & Tiles
James & Taylor,https://jamesandtaylor.co.uk,Cladding & Facades
James Hardie,https://jameshardie.co.uk,Cladding & Facades
James Mayor Furniture,https://jamesmayor.co.uk,"Ceilings, Partitions & Interiors"
James Mossman,https://jamesmossman.co.uk,Cladding & Facades
JCC Lighting,https://jcc.co.uk,Lighting
JD Hotel Furniture,https://jdhotelfurniture.co.uk,"Ceilings, Partitions & Interiors"
Jeld-Wen,https://jeld-wen.co.uk,"Ceilings, Partitions & Interiors"
Jewson,https://jewson.co.uk,Merchants & Distribution
JJ Roofing supplies,https://jjroofingsupplies.co.uk,Merchants & Distribution
JL Ceramics,https://jlceramics.co.uk,Flooring & Tiles
John Cullen Lighting,https://johncullenlighting.com,Lighting
John Sankey,https://johnsankey.co.uk,"Ceilings, Partitions & Interiors"
Johnson Tiles,https://johnson-tiles.com,Flooring & Tiles
Joris Ide,https://joriside.com,Cladding & Facades
Joseph Brics,https://josephbricks.com/en,Cladding & Facades
JRL,https://jrlgroup.co.uk,Offsite & Modular
JT Atkinson & Sons,https://jtatkinson.co.uk,Merchants & Distribution
JUTA,https://juta.co.uk,Roofing & Rooflights
K & J Carpets,https://kandjcarpetsplymouth.co.uk,Flooring & Tiles
K2 Aluminium Systems,http://k2fast.co.uk/site/,"Windows, Doors & Curtain Walling"
Kahrs,https://kahrs.com,Flooring & Tiles
Kajaria UKP,https://kajariaukp.com,Flooring & Tiles
Kalzip,https://kalzip.com,Roofing & Rooflights
Karndean Designflooring Eversham UK,https://karndean.com,Flooring & Tiles
Kartell UK,https://kartelluk.com,Kitchens & Bathrooms
KAT UK,https://katuk.co.uk,"Windows, Doors & Curtain Walling"
Kawneer,https://kawneer.com,"Windows, Doors & Curtain Walling"
KDK BATHROOM WARE,https://kdkcn.com/,Kitchens & Bathrooms
Kedel,https://kedel.co.uk,Merchants & Distribution
Keith Builders Merchant,https://keithbuilders.co.uk,Merchants & Distribution
Kellars Flooring,https://kellars.co.uk,Flooring & Tiles
Kellaway Group,https://kellaway.co.uk,Merchants & Distribution
Kemper System,https://kemper-system.com,Roofing & Rooflights
Kemwell Fire,https://kemwell-fire.com,Building Envelope (other)
Kennings Building Supplies,https://kennings.co.uk,Merchants & Distribution
Kensa Heat Pumps,https://kensaheatpumps.com,HVAC & Building Services
Kerakoll UK,https://kerakoll.com,Flooring & Tiles
Kernow Fixings,https://kernow-how.com,Fixings & Framing
Keston Boilers,https://keston.co.uk,HVAC & Building Services
Kestrel,https://kestrelaluminium.co.uk,Merchants & Distribution
Keyfix,https://keyfix.co.uk,Insulation & Fire Protection
Keyline Civils Specialist,https://keyline.co.uk,Merchants & Distribution
Keylite Roof Windows,https://keyliteroofwindows.com,Roofing & Rooflights
Keystone Lintels,https://keystonelintels.com,"Masonry, Concrete & Heavyside"
Kilsaran,https://kilsaran.co.uk,Landscaping & External
Kilwaughter Minerals,https://k-rend.co.uk,Insulation & Fire Protection
Kingsmead Carpets,https://kingsmeadcarpets.co.uk,Flooring & Tiles
Kingspan,https://kingspan.com,Insulation & Fire Protection
Kingspan Potton,https://kingspantimbersolutions.co.uk,Offsite & Modular
Kingston Modular Systems,https://kingstonmodular.com,Offsite & Modular
Klasse,https://klassegroup.co.uk/,Insulation & Fire Protection
Klober,https://klober.co.uk,Roofing & Rooflights
Knauf,https://knauf.co.uk,Insulation & Fire Protection
Knauf Insulation,https://knaufinsulation.co.uk,Insulation & Fire Protection
Kohler,https://kohler.co.uk,Kitchens & Bathrooms
Kohler Mira,https://mirashowers.co.uk,Kitchens & Bathrooms
Komfort Partitioning,https://komfort.com,"Ceilings, Partitions & Interiors"
Kommerling,https://koemmerling.com,"Windows, Doors & Curtain Walling"
Kone,https://kone.co.uk,HVAC & Building Services
Kronospan,https://uk.kronospan-express.com,Flooring & Tiles
KSR Lighting,https://ksrlighting.com,Lighting
KUDOS Showers,https://kudosshowers.co.uk,Kitchens & Bathrooms
Kvadrat Acoustics,https://firespray.eu.com,"Ceilings, Partitions & Interiors"
Lakes,https://lakes,Kitchens & Bathrooms
Lamtek,https://lamtek.co.uk,Kitchens & Bathrooms
Langfords,https://langfordsfurniture.co.uk,Kitchens & Bathrooms
Langley,https://langleys.co.uk,Roofing & Rooflights
Langley Waterproofing Systems,https://langley.co.uk,Roofing & Rooflights
Laporsa,https://laporsa.com,Flooring & Tiles
Lareine Engineering,https://lareineengineering.com,Roofing & Rooflights
Lathams Timber,https://lathamtimber.co.uk/,Merchants & Distribution
Laufen UK,https://laufen.co.uk,Kitchens & Bathrooms
Lawsons,https://lawsons.co.uk,Merchants & Distribution
Lazura Porcelain & Ceramic,https://lazura.co.uk,Flooring & Tiles
LBS Builders Merchant,https://lbsbm.co.uk,Merchants & Distribution
LBT Brick & Facades,https://brickability.co.uk/,Cladding & Facades
Leamore Windows,https://leamorewindows.com,"Windows, Doors & Curtain Walling"
Lecico Bathrooms,https://lecico.co.uk,Kitchens & Bathrooms
LED Group ROBUS,https://robus.com,Lighting
Ledridge Lighting,https://ledridge.com,Lighting
LEDVANCE,https://ledvance.com,Lighting
Leeson Polyruethanes,https://lpultd.com,Insulation & Fire Protection
Leviat,https://leviat.com,"Masonry, Concrete & Heavyside"
Levolux,https://levolux.com,Building Envelope (other)
Lewden Palazzoli Group,https://lewden.com,Merchants & Distribution
Leyton Lighting,https://leyton-lighting.co.uk,Lighting
Licata Building Systems,https://licataltd.co.uk,Insulation & Fire Protection
Lignacite,https://lignacite.co.uk,"Masonry, Concrete & Heavyside"
Likewise Floors,https://likewiseplc.com,Flooring & Tiles
Lindab,https://lindab.com,HVAC & Building Services
Liniar,https://liniar.co.uk,"Windows, Doors & Curtain Walling"
LINKS ELECTRICAL SUPPLIES,https://linkselectrical.co.uk/,Merchants & Distribution
Liquid Roofing Systems,https://lrs-systems.co.uk,Roofing & Rooflights
Liteplan,https://liteplan.com,Lighting
Lochinvar,https://lochinvar.ltd.uk,HVAC & Building Services
Locker Group,https://lockergroup.com/,Cladding & Facades
London Aluminium Glazing,https://londonaluminiumglazing.com,"Windows, Doors & Curtain Walling"
London Stone,https://londonstone.co.uk,"Masonry, Concrete & Heavyside"
Longden Doors,https://longdendoors.co.uk/,"Windows, Doors & Curtain Walling"
Lonsdale Metal Company,https://lonsdalemetal.co.uk,Roofing & Rooflights
Lords Builders Merchant,https://lordsbm.co.uk,Merchants & Distribution
Lorient,https://lorientuk.com,"Ceilings, Partitions & Interiors"
Lovell Stone Group,https://lovellstonegroup.com,"Masonry, Concrete & Heavyside"
Lowfield Timber Frames,https://lowfieldtimberframes.co.uk,Offsite & Modular
LPD Doors,https://lpddoors.co.uk,"Windows, Doors & Curtain Walling"
Luceco,https://luceco.com/uk,Lighting
Lucent Lighting,https://lucentlighting.com,Lighting
Lumineux,https://lumineux.co.uk,Lighting
Lyco Group,https://lyco.co.uk,Lighting
M Markovitz,https://markovitz.co.uk/,Merchants & Distribution
Macalloy,https://macalloy.com,Offsite & Modular
Mackwell,https://mackwell.com,Lighting
Madeley Facade Engineering,https://madeley-ltd.com/,Cladding & Facades
Magnet Kitchen Solutions,https://magnet.co.uk,Kitchens & Bathrooms
Majestic London Showers,https://majesticshowers.com,Kitchens & Bathrooms
MAK Flooring,https://makbuildersltd.co.uk/,Flooring & Tiles
Makita,https://makitatools.com,HVAC & Building Services
Manchester Brick Specialists,https://manchesterbrickspecialists.co.uk,"Masonry, Concrete & Heavyside"
Mandarin Stone,https://mandarinstone.com,Flooring & Tiles
Mannok,https://mannokbuild.com,Insulation & Fire Protection
Mansell Building Solutions,https://mansellbuild.co.uk,Building Envelope (other)
Manthorpe Building Products,https://manthorpebp.co.uk,Roofing & Rooflights
Manx Tomkinson Carpets,https://manxtomkinson.co.uk,Flooring & Tiles
Mapei,https://mapei.com,Insulation & Fire Protection
Mapei (UK),https://mapei.co.uk,"Sealants, Adhesives & Waterproofing"
Mapei UTT,https://mapeiutt.co.uk,"Sealants, Adhesives & Waterproofing"
Maple Sunscreening,https://maplesunscreening.co.uk,Building Envelope (other)
Marflow,https://marflow.co.uk,Kitchens & Bathrooms
Marksman Roofing and Cladding,https://marksman-roofing.co.uk,Roofing & Rooflights
Marlborough Tiles,https://marlboroughtiles.com,Flooring & Tiles
Marley,https://marley.co.uk,Roofing & Rooflights
Marshall Brown,https://marshall-brown.co.uk,"Windows, Doors & Curtain Walling"
Marshall-Tufflex,https://marshall-tufflex.com,HVAC & Building Services
Marshalls,https://marshalls.co.uk,"Masonry, Concrete & Heavyside"
Marshfield Stone Roof Tiles,https://marshfieldstone.com,Roofing & Rooflights
Marshmoor Bricks,https://marshmoorbricks.com/,"Masonry, Concrete & Heavyside"
Martindale Electric,https://martindale‑electric.co.uk,HVAC & Building Services
Masonite UK,https://firedoorsets.masonite.co.uk,"Windows, Doors & Curtain Walling"
Masonry Solutions,https://masonrysolutions.co.uk,"Masonry, Concrete & Heavyside"
Master Building Solutions,https://master-builders-solutions.com,"Masonry, Concrete & Heavyside"
Masterclass Kitchens,https://akainteriors.co.uk,Kitchens & Bathrooms
Masterframe,https://masterframe.co.uk,"Windows, Doors & Curtain Walling"
Matclad,https://matclad.co.uk/,Cladding & Facades
Maxlight,https://maxlight.co.uk,"Ceilings, Partitions & Interiors"
Maxwood Washrooms,https://maxwoodwashrooms.com,"Ceilings, Partitions & Interiors"
Maysons Furniture,https://maysonsfurniture.com,"Ceilings, Partitions & Interiors"
McAvoy Holdings,https://mcavoygroup.com,Offsite & Modular
Medical Air Technology,https://medicalairtechnology.com,HVAC & Building Services
Medite Smartply,https://mdfosb.com,Building Envelope (other)
Megaman UK,https://megamanuk.com,Lighting
Mercado,https://mercado.co.uk,Merchants & Distribution
Mereway,https://mereway.co.uk,Kitchens & Bathrooms
Merlyn Showering,https://merlynshowering.com,Kitchens & Bathrooms
Mersey Vent,https://merseyvent.co.uk/,Cladding & Facades
Metal Solutions,https://metalsolutions.uk.com,Roofing & Rooflights
Metal Technology,https://metaltechnology.com/,"Windows, Doors & Curtain Walling"
Metalline Services,https://metalline.co.uk,Cladding & Facades
Metra,https://metrabuilding.com,"Windows, Doors & Curtain Walling"
Metro Fixings,https://metrofixings.co.uk,Fixings & Framing
Metrotile,https://metrotile.co.uk,Roofing & Rooflights
MetStructures,https://metstructures.uk.com,Building Envelope (other)
MGN Builders Merchant,https://mgnbm.co.uk,Merchants & Distribution
Michelmersh Brick Holdings,https://mbhplc.co.uk,"Masonry, Concrete & Heavyside"
Midea Cooling & Heating,https://mideauk.co.uk,HVAC & Building Services
Midland Lead,https://midlandlead.co.uk,Roofing & Rooflights
Midland Tiling Group,https://midlandtilingltd.co.uk,Flooring & Tiles
Midlands Building Plastics,https://midlandbuildingplasticsderby.co.uk,Merchants & Distribution
Midlands Portable Buildings,https://midlands-portable-buildings.co.uk,Offsite & Modular
Midori Aluminium Leicester UK,https://midorialuminium.co.uk,"Windows, Doors & Curtain Walling"
Mighty Structural Products,https://mightystructural.com,Roofing & Rooflights
Milliken & Company,https://milliken.com,Flooring & Tiles
Minster,https://minsteronline.co.uk,"Ceilings, Partitions & Interiors"
Mitsubishi Electric Living Environmental Systems UK,https://les.mitsubishielectric.co.uk,HVAC & Building Services
MJ Lighting,https://mjlightinguk.com,Lighting
MKM Building Supplies,https://mkm.com,Merchants & Distribution
MKM Building Supplies Birmingham North,https://mkmbs.co.uk,Kitchens & Bathrooms
ML Accessories,https://mlaccessories.co.uk,Lighting
MMR Fixings,https://mmrfixings.com/,Fixings & Framing
ModCon Cabins,https://modconcabins.co.uk,Offsite & Modular
Modular Clay Products,https://modularclayproducts.co.uk/,"Masonry, Concrete & Heavyside"
Modulek,https://modulek.co.uk,Offsite & Modular
Modulyss,https://modulyss.com,Flooring & Tiles
Monk Metal Windows,https://monkmetalwindows.co.uk,"Windows, Doors & Curtain Walling"
Monodraught,https://monodraught.com,Building Envelope (other)
Monolith Brick & Stone,https://monolith.build,Cladding & Facades
Mosa Tiles,https://mosa.com,Flooring & Tiles
Moy Materials,https://moymaterials.com,Roofing & Rooflights
MSP Scotland,https://mspcladding.co.uk/,Cladding & Facades
Mueller Co,https://muellercompany.com,HVAC & Building Services
Mullan Lighting,https://mullanlighting.co.uk,Lighting
Multi-Turn,https://multiturn.co.uk,"Ceilings, Partitions & Interiors"
Multipanel UK,https://multipaneluk.co.uk,Cladding & Facades
Munters,https://munters.com/en-gb,HVAC & Building Services
Myers Building Supplies,https://myersgroup.co.uk/,Merchants & Distribution
MyLife Bathrooms,https://mylifebathrooms.com,Kitchens & Bathrooms
National Domelight Company,https://nationaldomelightcompany.co.uk,Roofing & Rooflights
National Plastics UK,https://nationalplastics.co.uk,Merchants & Distribution
National Timber Group,https://www.nationaltimbergroup.com/,Merchants & Distribution
Nationwide Windows,https://nwd.co.uk,"Windows, Doors & Curtain Walling"
Naturewall,https://naturewall.com,"Ceilings, Partitions & Interiors"
NaughtOne,https://naughtone.com,"Ceilings, Partitions & Interiors"
Naylor Concrete Products,https://naylorconcrete.co.uk/,"Masonry, Concrete & Heavyside"
Naylor Drainage,https://naylor.co.uk,HVAC & Building Services
Neaco,https://neaco.co.uk,Building Envelope (other)
Neo Timber,https://neotimber.com/decking/,Cladding & Facades
Neptune,https://neptune.com,Kitchens & Bathrooms
NET LED Lighting,https://lumiretro.co.uk/,Lighting
Newton Waterproofing Systems,https://newtonwaterproofing.co.uk,Roofing & Rooflights
Nibe,https://nibe.eu,HVAC & Building Services
Nixon Hire,https://nixonhire.com,Merchants & Distribution
nora by Interface,https://nora.com,Flooring & Tiles
NorDan,https://nordan.co.uk,"Windows, Doors & Curtain Walling"
Norrsken,https://norrsken.co.uk,"Windows, Doors & Curtain Walling"
Norse Stone,https://norsestone.co.uk,"Masonry, Concrete & Heavyside"
Nortek Global HVAC,https://nortekhvac.com,HVAC & Building Services
Northcot Brick,https://northcotbrick.co.uk,"Masonry, Concrete & Heavyside"
Northern Lights,https://northern-lights.co.uk,Lighting
Northern Sink Supplies,https://northernsinks.com,Kitchens & Bathrooms
Novo Facades,http://novofacades.co.uk/,Insulation & Fire Protection
NR Taylor,https://nrtaylor.co.uk,Cladding & Facades
Nuaire,https://nuaire.co.uk,HVAC & Building Services
NVC Lighting UK,https://nvcuk.com,Lighting
Nvelope,https://nvelope.com,Cladding & Facades
OAG UK,https://oag.uk.com,"Windows, Doors & Curtain Walling"
Obex Protection,https://obexglobal.com/uk/,Insulation & Fire Protection
Ockwells,https://ockwells.com,Merchants & Distribution
Omega,https://omegaplc.co.uk,Kitchens & Bathrooms
Onduline,https://onduline.co.uk,Roofing & Rooflights
Optaled,https://optaled.co.uk,Lighting
Optelma Lighting,https://optelma.com,Lighting
OPTEX Europe,https://optex.eu,HVAC & Building Services
Optima Systems,https://optimasystems.com,"Ceilings, Partitions & Interiors"
Orchard Flooring Products,https://orchardflooringproducts.co.uk,Flooring & Tiles
Origin Global,https://origin-global.com,"Windows, Doors & Curtain Walling"
Origins Living,https://originsliving.uk,Kitchens & Bathrooms
Oscrete UK,https://nationaltimbergroup.co.uk,"Masonry, Concrete & Heavyside"
OSO Hotwater (UK),https://oso.co.uk,HVAC & Building Services
OSRAM,https://osram.co.uk,Lighting
Otto Tiles & Design,https://ottotiles.co.uk,Flooring & Tiles
Ovia Lighting,https://ovialighting.com,Lighting
Owens Corning,https://owenscorning.com,Insulation & Fire Protection
Oxted Window Systems,https://oxtedwindows.co.uk,"Windows, Doors & Curtain Walling"
P McVey Building Systems,https://pmcveybuildingsystems.com,Offsite & Modular
Pagurek,https://pagurek.co.uk,Roofing & Rooflights
Palmer Timber,https://palmertimber.com,Merchants & Distribution
Panaz,https://panaz.com,Flooring & Tiles
Panelex,https://panelex.co.uk,Building Envelope (other)
Paradigm Office Interiors,https://paradigm-interiors.co.uk,"Ceilings, Partitions & Interiors"
Paragon Carpet Tiles,https://paragon-carpets.co.uk,Flooring & Tiles
Paragon Space Modular Buildings,https://paragonspace.co.uk,Offsite & Modular
Parker Building Supplies,https://parkerbs.com,Merchants & Distribution
Parkside Architectural Tiles,https://parkside.co.uk,Flooring & Tiles
Pasquill,https://pasquill.co.uk,Roofing & Rooflights
Patersons of Greenoakhill,https://patersonsquarries.co.uk,Landscaping & External
Paula Rosa Manhattan,https://prmf.co.uk/,Flooring & Tiles
Pavestone,https://pavestone.co.uk,Landscaping & External
Payless Builders Merchant,https://paylessbm.co.uk,Merchants & Distribution
PDS Doors,https://pdsdoorsets.co.uk,"Windows, Doors & Curtain Walling"
Pearl Window Systems,https://pearlwindows.co.uk,"Windows, Doors & Curtain Walling"
Pegler Yorkshire,https://pegleryorkshire.co.uk,HVAC & Building Services
Pennine Flooring Supplies,https://pennineflooring.com,Merchants & Distribution
Peppard Building Supplies,https://peppard.uk,Merchants & Distribution
Performance Adhesives,https://performanceadhesives.co.uk,"Sealants, Adhesives & Waterproofing"
Permadoor,https://permadoor.co.uk,"Windows, Doors & Curtain Walling"
PermaRock Products,https://permarock.com/,Insulation & Fire Protection
Permaroof,https://permaroof.co.uk,Roofing & Rooflights
Permavent,https://permavent.co.uk,"Sealants, Adhesives & Waterproofing"
PFC Corofil,https://pfc-corofil.com,Insulation & Fire Protection
PGR Builders & Timber Merchant,https://pgrtimber.co.uk,Merchants & Distribution
Philips,https://signify.com,Lighting
Phoenix steels,https://phoenixsteels.com,Roofing & Rooflights
Phos,https://phos.co.uk,Lighting
Pickerings,https://pickeringshire.co.uk,Offsite & Modular
Pinewood Structures,pinewood-structures.co.uk,Offsite & Modular
PITACS,https://pitacs.com/,Lighting
Pittville Bathrooms,https://pittville.co.uk,Kitchens & Bathrooms
Plasmor,https://plasmor.co.uk,"Masonry, Concrete & Heavyside"
PlastixPlus,https://plastixplus.co.uk/,Merchants & Distribution
Polar NE,https://polarne.co.uk,"Windows, Doors & Curtain Walling"
Polyflor,https://polyflor.com,Flooring & Tiles
Polyfoam XPS,https://polyfoamxps.co.uk,Insulation & Fire Protection
Polypipe,https://polypipe.com,HVAC & Building Services
Polyroof Products,https://polyroof.co.uk,Roofing & Rooflights
Polyseam,https://polyseam.com/,"Sealants, Adhesives & Waterproofing"
Polysolar,https://polysolar.co.uk/,Other / General
Porcelanosa,https://porcelanosa.com/uk,Kitchens & Bathrooms
Portable Offices,https://portableoffices.co.uk,Offsite & Modular
Portakabin,https://portakabin.com,Offsite & Modular
Powell Office Furniture Birmingham,https://powell.co.uk,"Ceilings, Partitions & Interiors"
PPG,https://ppg.com,Insulation & Fire Protection
PRB Systems,https://prbsystems.co.uk,Building Envelope (other)
Precon Products,https://preconproducts.co.uk,Merchants & Distribution
PREFA Group,https://uk.prefa.com/,Roofing & Rooflights
Premier Forest Products,https://premierforest.co.uk,"Masonry, Concrete & Heavyside"
Premier Modular,https://premiermodular.co.uk,Offsite & Modular
Premier Roof Systems,https://premierroofsystems.co.uk,Roofing & Rooflights
Prestigious Textiles,https://prestigious.co.uk,Flooring & Tiles
Prime Light,https://primelight.co.uk,Lighting
Principle Doorsets,principledoorsets.com,"Windows, Doors & Curtain Walling"
Process Steels,https://rsj.co.uk,Building Envelope (other)
Procter Cast Stone,https://caststoneuk.co.uk,"Masonry, Concrete & Heavyside"
PROFINE UK,https://profine.co.uk,"Windows, Doors & Curtain Walling"
Proline Cabinets,https://prolinecabs.co.uk,Kitchens & Bathrooms
Prolojik,https://prolojik.com,Lighting
Protan,https://protan.co.uk,Roofing & Rooflights
Protec,https://protec.co.uk,Insulation & Fire Protection
Protektor,https://protektor.co.uk,Building Envelope (other)
Proteus Engineered Facade Technology,https://proteusfacades.com,Cladding & Facades
Proteus Waterproofing,https://proteuswaterproofing.co.uk,Roofing & Rooflights
PSP Architectural Aluminium,https://pspuk.com,Cladding & Facades
Pura Facades,https://purafacades.co.uk,Cladding & Facades
Pure glass Partitions,https://pureglasspartitions.co.uk,"Ceilings, Partitions & Interiors"
Pure Washrooms,https://purewashrooms.co.uk,"Ceilings, Partitions & Interiors"
Pyroguard,https://pyroguard.eu,Insulation & Fire Protection
Q4 Bathrooms,https://q4bathrooms.com,Kitchens & Bathrooms
Qic Trims,https://qic-trims.com,"Ceilings, Partitions & Interiors"
Qualitex,https://qualitex.co.uk,Kitchens & Bathrooms
Quantum Insulation,https://quantuminsulation.com,Insulation & Fire Protection
Quay Office Group,https://quayofficegroup.com,"Ceilings, Partitions & Interiors"
Quelfire,https://quelfire.co.uk/,Insulation & Fire Protection
Quickslide,https://quickslide.co.uk/,"Windows, Doors & Curtain Walling"
Quorn Stone,https://mystonefloor.com,Flooring & Tiles
Qvis Lighting & Security,https://qvis.co.uk,Lighting
Radii Planet Group,https://radiiplanetgroup.com,"Ceilings, Partitions & Interiors"
Radmat Building Products,https://radmat.com,Insulation & Fire Protection
RAK Ceramics,https://rakceramics.com,Kitchens & Bathrooms
Rascor Waterproofing UK & Ireland,https://rascor.ie,Roofing & Rooflights
Rationel Windows,https://rationel.co.uk,"Windows, Doors & Curtain Walling"
Ravago Building Solutions,https://ravagobuildingsolutions.com,Insulation & Fire Protection
Rawlplug,https://rawlplug.co.uk,Fixings & Framing
Record UK,https://recorduk.co.uk,Building Envelope (other)
Recticel Insulation,https://recticelinsulation.com,Insulation & Fire Protection
RED ROSE PAINT SUPPLIES,https://redroseproducts.co.uk/index.html,"Ceilings, Partitions & Interiors"
RED Systems,https://redsystems.co.uk/,"Windows, Doors & Curtain Walling"
Reddiplex,https://reddiplex.com,"Ceilings, Partitions & Interiors"
ReeceR Group,https://reecer.co.uk,Offsite & Modular
Rehau,https://window.rehau.com,"Windows, Doors & Curtain Walling"
REIDsteel,https://reidsteel.com,"Masonry, Concrete & Heavyside"
Relay Floor Systems,https://relayfloors.com,Flooring & Tiles
Remmers UK & Ireland,https://remmers.co.uk,Roofing & Rooflights
RendMaster,https://rendmaster.co.uk,Merchants & Distribution
Renson,https://renson.eu,Cladding & Facades
Repco Roof Tiles,https://repcorooftiles.co.uk,Roofing & Rooflights
Res-Tec,https://restecroofing.co.uk,Roofing & Rooflights
Rexel UK,https://rexel.co.uk,Merchants & Distribution
Reynaers,https://reynaers.co.uk,"Windows, Doors & Curtain Walling"
RGB,https://thergbgroup.co.uk,Merchants & Distribution
RGB Building Supplies,https://rgbltd.co.uk,Merchants & Distribution
RGB Facades,https://rgbfacades.co.uk,Merchants & Distribution
Rhino Steel,https://roofingsheetsbyrhino.com,Roofing & Rooflights
Riello UK,https://riello.com,HVAC & Building Services
Rigg,https://rigg.uk,"Ceilings, Partitions & Interiors"
Rightframe,https://rightframe.co.uk,"Windows, Doors & Curtain Walling"
Rinnai UK / Europe,https://rinnaiuk.com,HVAC & Building Services
Ripples Bathrooms,https://ripplesbathrooms.com,Kitchens & Bathrooms
Rivar Sand and Gravel,https://rivarsandandgravel.co.uk,Merchants & Distribution
RIW,https://riw.co.uk,Roofing & Rooflights
RK Door Systems,https://rkdoorsystems.co.uk,"Windows, Doors & Curtain Walling"
RKN Aluminium,https://rknaluminium.co.uk,"Windows, Doors & Curtain Walling"
Robert Lee National Distribution,https://rlee.co.uk,Kitchens & Bathrooms
Robert Price,https://robert-price.co.uk,Merchants & Distribution
Robust Products,https://robustproducts.co.uk,"Windows, Doors & Curtain Walling"
Roca,https://uk.roca.com,Kitchens & Bathrooms
Rockpanel,https://rockpanel.co.uk,Cladding & Facades
Rockwool,https://rockwool.co.uk,Insulation & Fire Protection
Rointe,https://rointe.com,HVAC & Building Services
Rollalong,https://rollalong.co.uk,Offsite & Modular
Roman,https://roman-showers.com,Kitchens & Bathrooms
Roofbase Group,https://roofbase.com,Merchants & Distribution
Roofglaze,https://roofglaze.co.uk,Roofing & Rooflights
Roper Rhodes,https://roperrhodes.co.uk,Kitchens & Bathrooms
Roseview Windows,https://roseview.co.uk,"Windows, Doors & Curtain Walling"
Round Wood of Mayfield,https://roundwoodofmayfield.co.uk,Cladding & Facades
Roy Geddes Bricks,https://roygeddesbricks.co.uk,Merchants & Distribution
Royale Stones,https://royalestones.co.uk,Flooring & Tiles
Russell Roof Tiles,https://russellrooftiles.co.uk,Roofing & Rooflights
S and B EPS,https://sandbeps.com,Insulation & Fire Protection
Safeguard Glass and Glazing,https://safe-guard.co.uk,"Windows, Doors & Curtain Walling"
Saint-Gobain Weber,https://saint-gobain.co.uk,Insulation & Fire Protection
Sanbra Group,https://sanbragroup.com,Kitchens & Bathrooms
Saneux Bathrooms,https://saneux.com,Kitchens & Bathrooms
Sanha UK,https://sanha.com/en/,HVAC & Building Services
Sapphire Balconies,https://balconies.global,Building Envelope (other)
Sarsen Stone Group,https://sarsenstonegroup.com,Flooring & Tiles
SAS International,https://sasint.co.uk,"Ceilings, Partitions & Interiors"
Saxby Lighting,https://saxbytrade.com,Lighting
Schindler Group,https://schindler.com,HVAC & Building Services
Schüco UK,https://schuco.co.uk,"Windows, Doors & Curtain Walling"
Scolmore Group,https://scolmore.com,HVAC & Building Services
Scolmore International,https://scolmoreinternational.com,HVAC & Building Services
Scotia Bathrooms & Kitchens,https://scotiapropertyprojects.co.uk/,Flooring & Tiles
Scotstream,https://scotstreamlimited.co.uk,Building Envelope (other)
Searchlight Electric,https://searchlight.co.uk,Lighting
Seatable UK,https://seatableuk.com,"Ceilings, Partitions & Interiors"
Selco Builders Warehouse,https://selcobw.com,Merchants & Distribution
Senior Architectural Systems,https://seniorarchitectural.co.uk,"Windows, Doors & Curtain Walling"
Sensio Lighting,https://sensio.co.uk,Lighting
Sertus,https://sertus.uk,HVAC & Building Services
Severfield,https://severfield.com,"Masonry, Concrete & Heavyside"
SFS Group Fastening Technology,https://sfsintec.co.uk,Fixings & Framing
SFS UK | Construction,https://sfs.com,Roofing & Rooflights
Shepley Windows,https://shepley.com,"Windows, Doors & Curtain Walling"
Siderise,https://siderise.com,Insulation & Fire Protection
Sidey,https://sidey.co.uk,"Windows, Doors & Curtain Walling"
Sierra Windows,https://sierrawindows.co.uk/,"Windows, Doors & Curtain Walling"
SIG,https://sig.com,Merchants & Distribution
SIG Building Solutions,https://sigplc.com,Roofing & Rooflights
SIG Design & Technology,https://singleply.co.uk,Roofing & Rooflights
SIG Distribution,https://sigdistribution.co.uk,Merchants & Distribution
SIG Roofing,https://sigroofing.co.uk,Merchants & Distribution
Sigmat,https://sigmat.co.uk,Building Envelope (other)
Sika,https://sika.com,Insulation & Fire Protection
Siltec UK,https://siltecuk.com,Roofing & Rooflights
Silva Timba,https://bandfspecialisttimber.co.uk/,Cladding & Facades
Simply Sofas UK,https://simply-sofas.co.uk,"Ceilings, Partitions & Interiors"
Simpson Strong-Tie UK,https://strongtie.co.uk,Fixings & Framing
Siniat,https://siniat.co.uk,Building Envelope (other)
SIP Industrial Products,https://sip-group.com,Cladding & Facades
Sisalwool,https://sisalwool.com,Insulation & Fire Protection
SITECO,https://siteco.com,Lighting
Sky Garden,https://sky-garden.co.uk/,Roofing & Rooflights
Slide and Stack UK,http://slideandstack.co.uk/,"Ceilings, Partitions & Interiors"
Sliders UK,https://sliders-uk.com,"Windows, Doors & Curtain Walling"
Smart Aluminium Extrusion,https://smartalu.co.uk,"Windows, Doors & Curtain Walling"
Smart Partitions UK,https://smartpartitions.co.uk,"Ceilings, Partitions & Interiors"
Smart Systems,https://smartsystems.co.uk,"Windows, Doors & Curtain Walling"
Smartroof,https://smartroof.co.uk,Roofing & Rooflights
SMC,https://smc.eu/en-gb,HVAC & Building Services
Smith Brothers Stores,https://sbs.co.uk,Merchants & Distribution
Solar Fabrications Holdings,https://solarfabrications.co.uk,"Windows, Doors & Curtain Walling"
Solar Mounting,https://solarmounting.co.uk,Other / General
Solarlux,https://solarlux.com,"Windows, Doors & Curtain Walling"
Solinear,https://solinear.co.uk,Building Envelope (other)
Sollex,https://sollex.co.uk/,"Windows, Doors & Curtain Walling"
Soltherm,https://soltherm.eu,Insulation & Fire Protection
Solus Ceramics,https://solusceramics.com,Flooring & Tiles
Soprema,https://soprema.co.uk,Insulation & Fire Protection
Sotech Optima,https://sotech-optima.co.uk,Cladding & Facades
Soudal,https://soudal.co.uk,"Sealants, Adhesives & Waterproofing"
South West Brick & Stone,http://swbs.uk.com/,"Masonry, Concrete & Heavyside"
Southern Sheeting,https://southernsheeting.co.uk,Roofing & Rooflights
Southgate Timber,https://southgatetimber.co.uk/,Merchants & Distribution
Sovereign Air Movement,https://sovereignairmovement.co.uk,HVAC & Building Services
Sovereign Group,https://sov-group.co.uk,"Windows, Doors & Curtain Walling"
SPC - HVAC,https://spc-hvac.co.uk,HVAC & Building Services
Spectral Windows,https://spectralwindows.co.uk,"Windows, Doors & Curtain Walling"
Spectrum Architectural Glazing,https://spectrumarchitectural.com,"Windows, Doors & Curtain Walling"
Spectrum Tiles,https://spectrumtiles.co.uk,Landscaping & External
Spectus Window Systems,https://spectus.com,"Windows, Doors & Curtain Walling"
Specwall,https://www.specwall.com/,"Ceilings, Partitions & Interiors"
Spitfire Doors,https://spitfiredoors.co.uk,"Windows, Doors & Curtain Walling"
Spittlywood,https://spittlywood.com,"Windows, Doors & Curtain Walling"
Spotnails,https://spotnails.co.uk,Fixings & Framing
Springfield Mobile,https://spring-field.co.uk,Offsite & Modular
Springvale EPS,https://springvale.com,Insulation & Fire Protection
SSQ Natural Slate,https://ssqgroup.com,Roofing & Rooflights
St. Andrews Timber & Building Supplies,https://standrewstimber.co.uk,Merchants & Distribution
Stackright,https://stackright.com,Offsite & Modular
Stamco Hoppings,https://stamco-hoppings.co.uk,Merchants & Distribution
Stamford Stone Company,https://stamfordstone.co.uk,"Masonry, Concrete & Heavyside"
Stark Building Materials UK,https://starkbuild.co.uk,Merchants & Distribution
Stechford PINE Furniture Factory,https://furniturepineworld.co.uk,"Ceilings, Partitions & Interiors"
Stedek Windows & Doors,https://stedek.co.uk,"Windows, Doors & Curtain Walling"
Steel Frame Solutions,https://steelframesolutions.co.uk,Building Envelope (other)
Steelcase,https://steelcase.com,"Ceilings, Partitions & Interiors"
Steico UK,https://steico.com,Insulation & Fire Protection
Sternfenster,https://sternfenster.com,"Windows, Doors & Curtain Walling"
Stofix UK,https://stofix.co.uk,Cladding & Facades
Stokes Tiles,https://stokestiles.co.uk,Flooring & Tiles
Stolz Kitchens,https://stolzKitchens.co.uk,Kitchens & Bathrooms
Stone Plus UK,https://stoneplusuk.co.uk,Landscaping & External
Stonemarket,https://stonemarket.co.uk,Landscaping & External
Stonescreen,https://stonescreen.org/,Cladding & Facades
Strata,https://strataproducts.co.uk,Roofing & Rooflights
Strebel UK,https://strebel.co.uk,HVAC & Building Services
Street Structures,https://streetstructures.com,"Windows, Doors & Curtain Walling"
Stressline,https://stressline.net/,"Masonry, Concrete & Heavyside"
Strongdor,https://strongdor.com,Building Envelope (other)
Structherm,https://structherm.co.uk,Insulation & Fire Protection
Strukta Group,https://strukta.co.uk,Merchants & Distribution
STS Flooring Distributors,https://stsflooring.co.uk,Merchants & Distribution
Stud Track Exteriors,https://studandtrack.co.uk,Merchants & Distribution
Sunflex,https://sunflexuk.co.uk/,"Windows, Doors & Curtain Walling"
Sunlux,https://sunluxroofwindows.co.uk,"Windows, Doors & Curtain Walling"
SuperFOIL Insulation,https://superfoil.co.uk,Insulation & Fire Protection
Superglass,https://superglass.co.uk,Insulation & Fire Protection
Superior Cabinets,https://superiorcabinets.co.uk,Kitchens & Bathrooms
Supply Only Bedrooms,https://supplyonlybedrooms.co.uk,"Ceilings, Partitions & Interiors"
SureSet UK,https://sureset.co.uk,Landscaping & External
Swish Building Products,https://swishbp.co.uk,Roofing & Rooflights
Swiss Pearl,https://swisspearl.com/en-uk,Cladding & Facades
Sydenhams,https://sydenhams.co.uk,Merchants & Distribution
Sylvania Lighting,https://sylvania-group.com,Lighting
T.I Dynamic Facades,https://dynamicfacades.co.uk,Cladding & Facades
Taj Furniture Manufacturing,http://tajfurnitures.com/,"Ceilings, Partitions & Interiors"
Talasey Group,https://talasey.co.uk,Landscaping & External
Talbotts,https://talbotts.co.uk,Other / General
Tamlite Lighting,https://tamlite.co.uk,Lighting
Tapco Roofing Products,https://tapcoroofingproducts.com,Roofing & Rooflights
Tapered Plus,https://taperedplus.co.uk,Insulation & Fire Protection
Tarkett,https://tarkett.co.uk,Flooring & Tiles
Tarmac,https://tarmac.com,"Masonry, Concrete & Heavyside"
Tavistock Bathrooms,https://tavistock-bathrooms.co.uk,Kitchens & Bathrooms
Taylor Maxwell,https://taylormaxwell.co.uk,Merchants & Distribution
Teal Furniture,https://teal.co.uk,"Ceilings, Partitions & Interiors"
Technal UK,https://technal.com,"Windows, Doors & Curtain Walling"
TechnoNICOL,https://technonicol.com,Roofing & Rooflights
Ted Todd Fine Wood Floors,https://tedtodd.co.uk,Flooring & Tiles
Tek Group,https://thetekgroup.co.uk/,Merchants & Distribution
Teknion,https://teknion.com,"Ceilings, Partitions & Interiors"
Tektum Supplies,https://tektumsupplies.co.uk,Merchants & Distribution
Telling Architectural,https://telling.co.uk,Cladding & Facades
Tenmat,https://tenmat.co,Insulation & Fire Protection
Terram,https://terram.com,Roofing & Rooflights
Test Company (Ignore),,Merchants & Distribution
TEV,https://tevlimited.com,HVAC & Building Services
TG Builders Merchant,https://tgbuildersmerchants.co.uk/,Merchants & Distribution
TG Lynes,https://tglynes.co.uk,Merchants & Distribution
The Bespoke Brick Company,https://bespokebrick.com,"Masonry, Concrete & Heavyside"
The Bradfords Group,https://bradfords.co.uk,Merchants & Distribution
The Classic Brick Company,https://classicbrick.co.uk,"Masonry, Concrete & Heavyside"
The Corporate Door company,https://cdcgaragedoors.co.uk,"Windows, Doors & Curtain Walling"
The Designer Office,https://thedesigneroffice.co.uk,"Ceilings, Partitions & Interiors"
The Expanded Metal Company,https://expandedmetalcompany.com,"Windows, Doors & Curtain Walling"
The Garland Company,https://garlandukltd.co.uk,Roofing & Rooflights
The Keystone Group,https://keystonegroup.co.uk,Roofing & Rooflights
The Metal Roof Company,https://themetalroofcompany.co.uk/,Roofing & Rooflights
The Mortar and Screed Company,https://mortarandscreed.co.uk,"Masonry, Concrete & Heavyside"
The Outdoor Deck Company,https://outdoordeck.co.uk,Cladding & Facades
The Residence Collection,https://oscrete.co.uk,"Windows, Doors & Curtain Walling"
The Rooflight Company,https://therooflightcompany.co.uk,Roofing & Rooflights
The Shower Lab,https://theshowerlab.com,Kitchens & Bathrooms
The Stone Company,https://thestoneco.co.uk,Kitchens & Bathrooms
The Timber Group,thetimbergroup.co.uk,Merchants & Distribution
The Underfloor Heating Store,https://theunderfloorheatingstore.com,HVAC & Building Services
The Window Store,https://windowstoreplastics.co.uk,"Windows, Doors & Curtain Walling"
TheisCraft,https://theiscraft.co.uk,Lighting
Thomas Dudley,https://thomasdudley.co.uk,HVAC & Building Services
Thorlux Lighting,https://thorlux.co.uk,Lighting
Thurston Group,https://thurstongroup.co.uk,Offsite & Modular
Tilcor Roofing Systems,https://tilcor.com,Roofing & Rooflights
Tile Fire,https://tilefire.co.uk,Flooring & Tiles
Tilestyle,https://cambabest.co.uk,Flooring & Tiles
Tiling Supplies Direct,https://tilingsuppliesdirect.co.uk,Flooring & Tiles
Timbmet,https://timbmet.co.uk,Merchants & Distribution
TIMCO,https://timco.co.uk,Fixings & Framing
Timloc Building Products,https://timloc.co.uk,Roofing & Rooflights
Tippers,https://tippers.com,Merchants & Distribution
Titus,https://uk.titusplus.com,Kitchens & Bathrooms
Tiverson Tiles,https://tivertontiles.co.uk,Flooring & Tiles
TK Elevator,https://tkelevator.com,HVAC & Building Services
TKC,https://tkc.co.uk,Kitchens & Bathrooms
TLC Electrical Supplies,https://tlc-direct.co.uk,Merchants & Distribution
TLX Insulation,https://tlxinsulation.co.uk,Insulation & Fire Protection
Tobermore,https://tobermore.co.uk,"Masonry, Concrete & Heavyside"
Todd Doors,https://todd-doors.co.uk,"Ceilings, Partitions & Interiors"
TopHat,https://tophat.io,Offsite & Modular
Topps Tiles,https://toppstiles.co.uk,Flooring & Tiles
TOR Coating,https://tor-coatings.com,Insulation & Fire Protection
Total Panel Products,https://totalpanelproducts.co.uk,"Ceilings, Partitions & Interiors"
Total Pipeline Systems,https://totalpipes.co.uk,HVAC & Building Services
Total Roofing and Cladding,https://totalroofingandcladding.co.uk/index.php,Roofing & Rooflights
TOWELRADS.COM,https://towelrads.com,Kitchens & Bathrooms
TP24,https://tp24.com,Lighting
TradeChoice Carpet & Flooring,https://tradechoice.com,Merchants & Distribution
Trading Depot UK,https://tradingdepot.co.uk,Merchants & Distribution
Traditional Brick & Stone,https://traditionalbrickandstone.co.uk,"Masonry, Concrete & Heavyside"
Traditional Structures,https://tradstructures.com,Building Envelope (other)
Travis Perkins,https://travisperkins.co.uk,Merchants & Distribution
Tremco CPG,https://cpg-europe.com,Insulation & Fire Protection
Trent Furniture,https://trentfurniture.co.uk,"Ceilings, Partitions & Interiors"
Trent Valley Architectural Glazing,https://trentvalleyarchitecturalglazing.com,"Windows, Doors & Curtain Walling"
Trespa (UK),https://trespa.com,Cladding & Facades
Triflex,https://triflex.co.uk,Roofing & Rooflights
Trillium Flow Technologies,https://trilliumflow.com,HVAC & Building Services
Trimform,https://trimformfabs.co.uk,Roofing & Rooflights
Trimo,https://trimo-group.com,Cladding & Facades
Triton Showers,https://tritonshowers.co.uk,Kitchens & Bathrooms
Trojan Baths,https://trojan-baths.co.uk,Kitchens & Bathrooms
Troldtekt Acoustics - UK & Ireland,https://troldtekt.co.uk,"Ceilings, Partitions & Interiors"
TROX UK,https://troxuk.co.uk,Insulation & Fire Protection
Truframe,https://truframe.co.uk,"Windows, Doors & Curtain Walling"
Truglaze Windows and Doors,https://truglazewindows.co.uk/,"Windows, Doors & Curtain Walling"
Truline Systems,https://trulinesystems.co.uk,"Ceilings, Partitions & Interiors"
Tudor Roof Tile Co,https://tudorrooftiles.co.uk,Roofing & Rooflights
Tuff Waterproofing,https://tuffstuff.co.uk,Roofing & Rooflights
Turnstyle Designs,https://turnstyledesigns.com,"Ceilings, Partitions & Interiors"
TVS Group,https://tvs-group.co.uk,"Ceilings, Partitions & Interiors"
Twinfix,https://twinfix.co.uk,Roofing & Rooflights
Two Point Seven Facades,https://twopointseven.co.uk,Cladding & Facades
TwoTwenty,https://twotwenty.co.uk,"Ceilings, Partitions & Interiors"
Twyford Bathrooms,https://twyfordbathrooms.com,Kitchens & Bathrooms
Tyde,https://tideconstruction.co.uk/,HVAC & Building Services
U Value Insulation Group,https://uvalueinsulations.co.uk,Merchants & Distribution
Uform,https://uform.co.uk,Kitchens & Bathrooms
UK Brick,https://uk-brick.com/,"Masonry, Concrete & Heavyside"
UK Curtain Walling,https://curtainwallinguk.co.uk,"Windows, Doors & Curtain Walling"
UK Greentech,ukgreentech.co.uk,Merchants & Distribution
UK Plumbing Supplies,https://ukps.com,Merchants & Distribution
UK Slate,https://ukslate.co.uk,Roofing & Rooflights
UK Window Group,https://ukwg.co.uk,"Windows, Doors & Curtain Walling"
UK Windows & Doors Group,https://ukwindowsanddoors.co.uk,"Windows, Doors & Curtain Walling"
Ulster Carpets,https://ulstercarpets.com,Flooring & Tiles
Ultimate Bathrooms,https://ultimatebathrooms.co.uk,Kitchens & Bathrooms
Ultra Finishing,https://roxorgroup.com,Kitchens & Bathrooms
Ultraframe,https://ultraframe-conservatories.co.uk,Roofing & Rooflights
Unilin,https://unilin.com,Flooring & Tiles
Unilin Insulation,https://unilininsulation.co.uk,Insulation & Fire Protection
Unique Furniture UK,https://uniquefurnitureuk.com,"Ceilings, Partitions & Interiors"
Unique Tiles,https://uniquetiles.uk,Flooring & Tiles
Unique Window Systems,https://uws.co.uk,"Windows, Doors & Curtain Walling"
Universal Containers,https://universal-containers.com,Offsite & Modular
UP Building Products,https://upbp.co.uk,Merchants & Distribution
URSA Insulation,https://ursa-uk.co.uk,Insulation & Fire Protection
Utopia,https://utopiagroup.com,Kitchens & Bathrooms
UZIN UK,https://uk.uzin.com,Flooring & Tiles
Vado,https://vado.com,Kitchens & Bathrooms
Vaillant Group,https://vaillant-group.com,HVAC & Building Services
Valcan,https://valcan.co.uk,Cladding & Facades
Vandersanden,https://vandersandengroup.co.uk,"Masonry, Concrete & Heavyside"
Vanquish Bathrooms,https://vanquishbathrooms.com/,Kitchens & Bathrooms
VBH (GB),https://vbhgb.com,"Ceilings, Partitions & Interiors"
Veka UK,https://vekauk.com,"Windows, Doors & Curtain Walling"
Velfac,https://velfac.co.uk,"Windows, Doors & Curtain Walling"
Velux,https://velux.co.uk,Roofing & Rooflights
Venesta Washroom Systems,https://venesta.co.uk,"Ceilings, Partitions & Interiors"
Ventrolla,https://ccf.co.uk,"Windows, Doors & Curtain Walling"
Venture Lighting Europe,https://venturelighting.com,Lighting
Verco Office Furniture,https://verco.co.uk,"Ceilings, Partitions & Interiors"
Verona,https://veronagroup.co.uk,Flooring & Tiles
VESCOM UK,https://vescom.com,"Ceilings, Partitions & Interiors"
Vibrant Doors,https://vibrantdoors.co.uk,"Windows, Doors & Curtain Walling"
Victoria Carpets,https://victoriacarpets.com,Flooring & Tiles
Victorian Floors,https://victorianfloors.net,Flooring & Tiles
Victorian Sliders,https://victoriansliders.co.uk,"Windows, Doors & Curtain Walling"
Viega,https://viega.com,HVAC & Building Services
Viessmann UK,https://viessmann.co.uk,HVAC & Building Services
Villeroy & Boch,https://villeroy-boch.com,Kitchens & Bathrooms
Vinco Windows Group,https://vincowindows.co.uk,"Windows, Doors & Curtain Walling"
Vision Aluminium Systems,https://visionaluminium.com,"Windows, Doors & Curtain Walling"
Vision Interiors,https://vsninteriors.co.uk/,"Ceilings, Partitions & Interiors"
Vision Modular Systems UK,https://visionvolumetric.co.uk,Offsite & Modular
Vision-Built,https://vision-built.com,Offsite & Modular
Viso Partitions,https://visopartitions.co.uk,"Ceilings, Partitions & Interiors"
Visqueen Building Products,https://visqueen.com,Insulation & Fire Protection
Vista Panels,https://vistapanels.co.uk,"Windows, Doors & Curtain Walling"
Vitra,https://vitra.com,"Ceilings, Partitions & Interiors"
Vivalda,https://vivalda.co.uk,Merchants & Distribution
VIVALDA Group,https://vivalda.co.uk/,Merchants & Distribution
VJ Technology,https://vjtechnology.com,Fixings & Framing
VM Building Solutions,https://vmbuildingsolutions.com,Roofing & Rooflights
VMZinc,https://vmzinc.co.uk,Roofing & Rooflights
Voestalpine,https://voestalpine.com,"Masonry, Concrete & Heavyside"
Voestalpine Metsec,https://metsec.com,Building Envelope (other)
Vogue UK,https://vogue.net,HVAC & Building Services
Vokera,https://vokera.co.uk,HVAC & Building Services
Vortice,https://vortice.ltd.uk,HVAC & Building Services
VP PLC,https://vpplc.com/,Offsite & Modular
VPI Products UK,https://vpiuk.co.uk,Insulation & Fire Protection
Vulcan Cladding Systems,https://vulcansystems.co.uk,Cladding & Facades
Wade Building Services,https://wadebuildingsupplies.co.uk,Merchants & Distribution
Walker Modular,https://walkermodular.com,Kitchens & Bathrooms
Walls & Ceilings Int,http://walls-and-ceilings.co.uk/,Merchants & Distribution
Walls & Ceilings International,https://www.walls-and-ceilings.co.uk/,Merchants & Distribution
Walters,https://walters.co.uk,"Ceilings, Partitions & Interiors"
Walton Bathrooms,https://waltonbathrooms.co.uk,Kitchens & Bathrooms
Warmafloor,https://warmafloor.co.uk,HVAC & Building Services
Warmflow Engineering,https://warmflow.co.uk,HVAC & Building Services
Warmhaus UK,https://warmhaus.co.uk,HVAC & Building Services
Waterbury Bathroom Accessories,https://waterbury.co.uk,Kitchens & Bathrooms
Waterside Windows & Conservatories,https://waterside-windows.co.uk,"Windows, Doors & Curtain Walling"
Watts Roofing supplies,https://wattsroofing.co.uk,Merchants & Distribution
Wavin,https://wavin.com,HVAC & Building Services
Wavin UK,https://wavin.com/gb,HVAC & Building Services
WD Group,https://windowanddoor.co.uk/,"Windows, Doors & Curtain Walling"
Weatherite Aluminium Solutions,https://weatheriteasl.com,"Windows, Doors & Curtain Walling"
Weaver Flooring,https://weaver-flooring.co.uk,Flooring & Tiles
Wernick Group,https://wernick.co.uk,Offsite & Modular
West Building Supplies,https://westbs.co.uk,Merchants & Distribution
West Fraser UK,https://westfraser.com,Building Envelope (other)
West One Bathrooms,https://westonebathrooms.com,Kitchens & Bathrooms
West Port Windows & Doors,https://west-port.co.uk,"Windows, Doors & Curtain Walling"
Westbridge Furniture,https://westbridgefurniturestoke.co.uk,"Ceilings, Partitions & Interiors"
Westex Flooring,https://westexflooring.com,Flooring & Tiles
WestWood Liquid Technologies,https://westwood-uk.com,Roofing & Rooflights
Wetherby Building Systems,https://wbs-ltd.co.uk,Insulation & Fire Protection
Whitecroft Lighting,https://whitecroftlighting.com,Lighting
Whitesales,https://whitesales.co.uk,Roofing & Rooflights
Wienerberger,https://wienerberger.co.uk,Roofing & Rooflights
WILA Lighting,https://wila.com,Lighting
Willis Systems,https://willissystems.co.uk,Kitchens & Bathrooms
Wilton Carpets Commercial,https://wiltoncarpets.com,Flooring & Tiles
Window Warehouse,https://window-warehouse.co.uk,"Windows, Doors & Curtain Walling"
WinRem,https://winrem.com,"Windows, Doors & Curtain Walling"
Wolseley Group,https://wolseleycareers.co.uk,Merchants & Distribution
Wolseley UK,https://wolseley.co.uk,Merchants & Distribution
Woodall Fastening Systems,https://techscrew.com/,Fixings & Framing
Woodcraft Contract Furniture,https://woodcraft.uk.com,"Ceilings, Partitions & Interiors"
Woods of Hornsea,https://woodsofhornsea.com,Merchants & Distribution
Worcester Bosch,https://worcester-bosch.co.uk,HVAC & Building Services
WPL UK,https://wpluk.com,Cladding & Facades
Wrekin Windows,https://wrekinwindows.co.uk,"Windows, Doors & Curtain Walling"
Xcite LED Lighting,https://xciteledlighting.co.uk,Lighting
Xella,https://xella.co.uk,Insulation & Fire Protection
XL Joinery,https://xljoinery.co.uk,"Windows, Doors & Curtain Walling"
Xtralite Rooflights,https://xtralite.co.uk,Roofing & Rooflights
Xtratherm,https://xtratherm.com,Insulation & Fire Protection
YBS Insulation,https://ybsinsulation.com,Insulation & Fire Protection
YESSS Electrical,https://yesss.co.uk,Merchants & Distribution
Zentia,https://zentia.com,"Ceilings, Partitions & Interiors"
Zest Bathrooms,https://zestbathroomsandKitchens.co.uk,Kitchens & Bathrooms
Zimmer + Rohde,https://zimmer-rohde.com,Flooring & Tiles
